employee_id,question_id,answer
343,1,4
343,2,4
343,3,3
343,4,3
343,5,3
343,6,3
343,7,4
343,8,4
343,9,4
343,10,4
343,11,3
343,12,4
343,13,5
343,14,3
343,15,4
343,16,2
343,17,4
203,1,4
203,2,5
203,3,3
203,4,4
203,5,4
203,6,4
203,7,5
203,8,4
203,9,5
203,10,5
203,11,4
203,12,5
203,13,4
203,14,3
203,15,4
203,16,5
203,17,5
11,1,5
11,2,5
11,3,3
11,4,4
11,5,4
11,6,5
11,7,5
11,8,5
11,9,5
11,10,5
11,11,5
11,12,5
11,13,4
11,14,5
11,15,4
11,16,4
11,17,5
707,1,4
707,2,5
707,3,3
707,4,3
707,5,4
707,6,3
707,7,2
707,8,2
707,9,4
707,10,3
707,11,3
707,12,3
707,13,4
707,14,4
707,15,5
707,16,3
707,17,4
417,1,5
417,2,5
417,3,3
417,4,4
417,5,3
417,6,4
417,7,5
417,8,4
417,9,5
417,10,3
417,11,3
417,12,5
417,13,5
417,14,4
417,15,3
417,16,3
417,17,2
484,1,5
484,2,4
484,3,3
484,4,3
484,5,4
484,6,4
484,7,4
484,8,4
484,9,4
484,10,4
484,11,4
484,12,4
484,13,3
484,14,3
484,15,4
484,16,2
484,17,5
18,1,5
18,2,5
18,3,4
18,4,4
18,5,4
18,6,5
18,7,5
18,8,5
18,9,5
18,10,5
18,11,5
18,12,5
18,13,5
18,14,5
18,15,4
18,16,4
18,17,5
737,1,4
737,2,4
737,3,3
737,4,3
737,5,3
737,6,3
737,7,3
737,8,3
737,9,3
737,10,3
737,11,2
737,12,4
737,13,3
737,14,3
737,15,5
737,16,2
737,17,3
736,1,5
736,2,5
736,3,3
736,4,3
736,5,4
736,6,5
736,7,5
736,8,4
736,9,5
736,10,4
736,11,3
736,12,4
736,13,3
736,14,3
736,15,4
736,16,1
736,17,4
696,1,4
696,2,4
696,3,3
696,4,3
696,5,3
696,6,3
696,7,4
696,8,5
696,9,3
696,10,4
696,11,3
696,12,4
696,13,3
696,14,4
696,15,3
696,16,3
696,17,4
70,1,5
70,2,5
70,3,3
70,4,3
70,5,4
70,6,5
70,7,5
70,8,4
70,9,5
70,10,5
70,11,4
70,12,5
70,13,4
70,14,4
70,15,4
70,16,5
70,17,4
508,1,4
508,2,5
508,3,3
508,4,3
508,5,4
508,6,3
508,7,5
508,8,4
508,9,3
508,10,4
508,11,2
508,12,3
508,13,4
508,14,3
508,15,4
508,16,2
508,17,3
82,1,5
82,2,5
82,3,3
82,4,4
82,5,4
82,6,5
82,7,5
82,8,5
82,9,5
82,10,3
82,11,3
82,12,5
82,13,4
82,14,4
82,15,4
82,16,4
82,17,5
388,1,5
388,2,4
388,3,3
388,4,4
388,5,4
388,6,4
388,7,5
388,8,4
388,9,5
388,10,4
388,11,4
388,12,4
388,13,3
388,14,3
388,15,3
388,16,3
388,17,4
225,1,4
225,2,5
225,3,3
225,4,4
225,5,4
225,6,4
225,7,5
225,8,5
225,9,5
225,10,4
225,11,3
225,12,5
225,13,5
225,14,3
225,15,3
225,16,3
225,17,3
45,1,5
45,2,5
45,3,4
45,4,4
45,5,4
45,6,4
45,7,4
45,8,4
45,9,5
45,10,4
45,11,5
45,12,5
45,13,5
45,14,4
45,15,5
45,16,3
45,17,5
260,1,5
260,2,5
260,3,3
260,4,3
260,5,4
260,6,4
260,7,5
260,8,5
260,9,5
260,10,5
260,11,3
260,12,5
260,13,4
260,14,3
260,15,4
260,16,4
260,17,3
454,1,3
454,2,5
454,3,3
454,4,3
454,5,4
454,6,3
454,7,3
454,8,3
454,9,3
454,10,3
454,11,3
454,12,5
454,13,3
454,14,3
454,15,3
454,16,1
454,17,2
68,1,5
68,2,5
68,3,4
68,4,4
68,5,4
68,6,4
68,7,5
68,8,4
68,9,5
68,10,4
68,11,3
68,12,5
68,13,4
68,14,4
68,15,4
68,16,5
68,17,4
14,1,5
14,2,5
14,3,3
14,4,3
14,5,4
14,6,5
14,7,5
14,8,4
14,9,5
14,10,5
14,11,5
14,12,5
14,13,4
14,14,4
14,15,3
14,16,3
14,17,5
326,1,4
326,2,5
326,3,3
326,4,4
326,5,4
326,6,4
326,7,5
326,8,4
326,9,4
326,10,4
326,11,4
326,12,4
326,13,3
326,14,4
326,15,3
326,16,3
326,17,4
149,1,5
149,2,5
149,3,3
149,4,4
149,5,4
149,6,5
149,7,5
149,8,5
149,9,4
149,10,5
149,11,4
149,12,5
149,13,4
149,14,4
149,15,3
149,16,3
149,17,4
465,1,5
465,2,5
465,3,3
465,4,3
465,5,4
465,6,5
465,7,4
465,8,5
465,9,4
465,10,4
465,11,3
465,12,4
465,13,3
465,14,3
465,15,5
465,16,3
465,17,3
580,1,5
580,2,5
580,3,3
580,4,3
580,5,4
580,6,4
580,7,4
580,8,4
580,9,5
580,10,5
580,11,4
580,12,4
580,13,4
580,14,4
580,15,3
580,16,4
580,17,3
366,1,5
366,2,5
366,3,3
366,4,4
366,5,4
366,6,4
366,7,5
366,8,4
366,9,5
366,10,4
366,11,3
366,12,5
366,13,3
366,14,4
366,15,3
366,16,3
366,17,4
455,1,5
455,2,4
455,3,3
455,4,3
455,5,4
455,6,3
455,7,5
455,8,5
455,9,4
455,10,4
455,11,2
455,12,4
455,13,4
455,14,4
455,15,3
455,16,3
455,17,4
445,1,5
445,2,5
445,3,3
445,4,4
445,5,4
445,6,4
445,7,5
445,8,4
445,9,5
445,10,4
445,11,3
445,12,4
445,13,4
445,14,4
445,15,4
445,16,2
445,17,2
206,1,5
206,2,4
206,3,3
206,4,4
206,5,4
206,6,4
206,7,3
206,8,4
206,9,5
206,10,3
206,11,3
206,12,4
206,13,5
206,14,4
206,15,3
206,16,4
206,17,4
288,1,5
288,2,5
288,3,4
288,4,4
288,5,4
288,6,5
288,7,4
288,8,4
288,9,4
288,10,4
288,11,4
288,12,5
288,13,4
288,14,4
288,15,2
288,16,3
288,17,3
583,1,5
583,2,5
583,3,3
583,4,4
583,5,4
583,6,5
583,7,5
583,8,5
583,9,5
583,10,4
583,11,3
583,12,4
583,13,3
583,14,3
583,15,4
583,16,3
583,17,4
419,1,5
419,2,5
419,3,4
419,4,4
419,5,4
419,6,5
419,7,4
419,8,4
419,9,5
419,10,4
419,11,3
419,12,4
419,13,4
419,14,2
419,15,3
419,16,4
419,17,3
482,1,4
482,2,5
482,3,3
482,4,3
482,5,3
482,6,4
482,7,3
482,8,4
482,9,4
482,10,4
482,11,3
482,12,3
482,13,3
482,14,3
482,15,4
482,16,4
482,17,3
210,1,5
210,2,5
210,3,3
210,4,3
210,5,4
210,6,4
210,7,3
210,8,4
210,9,5
210,10,4
210,11,2
210,12,5
210,13,4
210,14,4
210,15,3
210,16,3
210,17,3
246,1,5
246,2,5
246,3,3
246,4,4
246,5,4
246,6,5
246,7,5
246,8,5
246,9,5
246,10,5
246,11,5
246,12,5
246,13,3
246,14,3
246,15,3
246,16,3
246,17,4
730,1,4
730,2,5
730,3,2
730,4,3
730,5,4
730,6,3
730,7,4
730,8,3
730,9,4
730,10,3
730,11,4
730,12,3
730,13,3
730,14,4
730,15,5
730,16,4
730,17,4
735,1,5
735,2,5
735,3,3
735,4,4
735,5,4
735,6,5
735,7,5
735,8,4
735,9,4
735,10,4
735,11,4
735,12,3
735,13,4
735,14,3
735,15,2
735,16,3
735,17,2
109,1,5
109,2,5
109,3,3
109,4,3
109,5,4
109,6,4
109,7,4
109,8,5
109,9,5
109,10,3
109,11,3
109,12,5
109,13,4
109,14,4
109,15,4
109,16,5
109,17,3
578,1,5
578,2,5
578,3,3
578,4,4
578,5,4
578,6,5
578,7,4
578,8,4
578,9,4
578,10,5
578,11,3
578,12,4
578,13,2
578,14,3
578,15,4
578,16,2
578,17,4
125,1,5
125,2,5
125,3,3
125,4,3
125,5,4
125,6,4
125,7,5
125,8,4
125,9,5
125,10,4
125,11,3
125,12,4
125,13,4
125,14,3
125,15,4
125,16,3
125,17,4
528,1,4
528,2,4
528,3,3
528,4,4
528,5,4
528,6,4
528,7,3
528,8,4
528,9,4
528,10,3
528,11,4
528,12,5
528,13,4
528,14,3
528,15,3
528,16,3
528,17,4
594,1,5
594,2,4
594,3,3
594,4,3
594,5,4
594,6,4
594,7,4
594,8,5
594,9,5
594,10,4
594,11,4
594,12,4
594,13,3
594,14,3
594,15,3
594,16,4
594,17,3
600,1,4
600,2,5
600,3,3
600,4,3
600,5,3
600,6,4
600,7,4
600,8,4
600,9,4
600,10,2
600,11,2
600,12,3
600,13,4
600,14,4
600,15,4
600,16,4
600,17,4
685,1,5
685,2,4
685,3,3
685,4,3
685,5,4
685,6,4
685,7,4
685,8,4
685,9,4
685,10,3
685,11,3
685,12,4
685,13,4
685,14,4
685,15,3
685,16,3
685,17,4
316,1,4
316,2,4
316,3,3
316,4,3
316,5,4
316,6,3
316,7,4
316,8,3
316,9,2
316,10,3
316,11,3
316,12,4
316,13,4
316,14,3
316,15,2
316,16,2
316,17,3
105,1,4
105,2,3
105,3,3
105,4,3
105,5,3
105,6,4
105,7,3
105,8,5
105,9,4
105,10,3
105,11,3
105,12,5
105,13,4
105,14,5
105,15,3
105,16,4
105,17,4
470,1,4
470,2,5
470,3,3
470,4,4
470,5,4
470,6,5
470,7,4
470,8,4
470,9,4
470,10,4
470,11,3
470,12,3
470,13,4
470,14,3
470,15,4
470,16,2
470,17,4
154,1,4
154,2,4
154,3,3
154,4,3
154,5,3
154,6,3
154,7,4
154,8,3
154,9,5
154,10,4
154,11,2
154,12,4
154,13,4
154,14,3
154,15,4
154,16,4
154,17,3
335,1,4
335,2,4
335,3,3
335,4,3
335,5,4
335,6,3
335,7,3
335,8,5
335,9,4
335,10,3
335,11,2
335,12,5
335,13,4
335,14,4
335,15,4
335,16,3
335,17,3
593,1,3
593,2,4
593,3,3
593,4,3
593,5,4
593,6,3
593,7,4
593,8,4
593,9,4
593,10,3
593,11,1
593,12,5
593,13,3
593,14,3
593,15,4
593,16,3
593,17,3
304,1,5
304,2,4
304,3,3
304,4,3
304,5,4
304,6,4
304,7,5
304,8,4
304,9,4
304,10,4
304,11,3
304,12,4
304,13,4
304,14,4
304,15,4
304,16,2
304,17,4
588,1,5
588,2,5
588,3,3
588,4,3
588,5,4
588,6,5
588,7,4
588,8,4
588,9,5
588,10,5
588,11,3
588,12,5
588,13,3
588,14,5
588,15,2
588,16,1
588,17,2
373,1,4
373,2,5
373,3,3
373,4,4
373,5,4
373,6,3
373,7,4
373,8,4
373,9,4
373,10,4
373,11,3
373,12,4
373,13,3
373,14,4
373,15,4
373,16,3
373,17,3
144,1,5
144,2,5
144,3,3
144,4,3
144,5,4
144,6,5
144,7,5
144,8,5
144,9,4
144,10,5
144,11,4
144,12,4
144,13,4
144,14,3
144,15,3
144,16,2
144,17,2
199,1,5
199,2,5
199,3,3
199,4,4
199,5,4
199,6,4
199,7,4
199,8,3
199,9,4
199,10,4
199,11,4
199,12,5
199,13,5
199,14,4
199,15,3
199,16,3
199,17,4
710,1,4
710,2,3
710,3,3
710,4,3
710,5,4
710,6,2
710,7,3
710,8,3
710,9,4
710,10,2
710,11,1
710,12,4
710,13,3
710,14,4
710,15,4
710,16,2
710,17,3
702,1,4
702,2,4
702,3,3
702,4,3
702,5,3
702,6,3
702,7,3
702,8,3
702,9,2
702,10,4
702,11,3
702,12,4
702,13,3
702,14,3
702,15,3
702,16,2
702,17,4
669,1,5
669,2,5
669,3,4
669,4,4
669,5,4
669,6,4
669,7,5
669,8,5
669,9,4
669,10,4
669,11,4
669,12,5
669,13,4
669,14,3
669,15,3
669,16,3
669,17,4
533,1,4
533,2,4
533,3,3
533,4,3
533,5,4
533,6,3
533,7,4
533,8,4
533,9,5
533,10,2
533,11,2
533,12,5
533,13,4
533,14,3
533,15,3
533,16,3
533,17,3
398,1,5
398,2,5
398,3,3
398,4,3
398,5,4
398,6,5
398,7,5
398,8,4
398,9,4
398,10,3
398,11,4
398,12,4
398,13,4
398,14,3
398,15,3
398,16,3
398,17,3
452,1,4
452,2,4
452,3,3
452,4,3
452,5,3
452,6,3
452,7,3
452,8,4
452,9,4
452,10,3
452,11,3
452,12,5
452,13,3
452,14,3
452,15,4
452,16,3
452,17,3
540,1,5
540,2,5
540,3,3
540,4,3
540,5,4
540,6,5
540,7,5
540,8,4
540,9,5
540,10,3
540,11,3
540,12,5
540,13,5
540,14,4
540,15,2
540,16,3
540,17,3
255,1,5
255,2,5
255,3,3
255,4,4
255,5,4
255,6,5
255,7,5
255,8,4
255,9,5
255,10,3
255,11,3
255,12,4
255,13,4
255,14,3
255,15,2
255,16,4
255,17,3
725,1,5
725,2,5
725,3,3
725,4,4
725,5,4
725,6,4
725,7,5
725,8,4
725,9,4
725,10,4
725,11,4
725,12,4
725,13,4
725,14,3
725,15,3
725,16,3
725,17,3
765,1,5
765,2,5
765,3,3
765,4,3
765,5,4
765,6,5
765,7,4
765,8,5
765,9,4
765,10,4
765,11,3
765,12,5
765,13,4
765,14,4
765,15,2
765,16,4
765,17,4
91,1,4
91,2,5
91,3,3
91,4,3
91,5,4
91,6,4
91,7,5
91,8,4
91,9,5
91,10,4
91,11,3
91,12,5
91,13,5
91,14,4
91,15,4
91,16,3
91,17,4
480,1,5
480,2,5
480,3,3
480,4,4
480,5,4
480,6,4
480,7,5
480,8,5
480,9,4
480,10,4
480,11,2
480,12,5
480,13,3
480,14,3
480,15,3
480,16,3
480,17,4
201,1,4
201,2,5
201,3,4
201,4,3
201,5,4
201,6,5
201,7,5
201,8,5
201,9,5
201,10,3
201,11,4
201,12,5
201,13,3
201,14,3
201,15,3
201,16,2
201,17,4
538,1,4
538,2,3
538,3,2
538,4,3
538,5,3
538,6,3
538,7,4
538,8,3
538,9,3
538,10,2
538,11,2
538,12,4
538,13,4
538,14,4
538,15,3
538,16,4
538,17,3
243,1,4
243,2,3
243,3,2
243,4,3
243,5,3
243,6,4
243,7,4
243,8,3
243,9,3
243,10,2
243,11,4
243,12,4
243,13,4
243,14,4
243,15,2
243,16,3
243,17,4
221,1,5
221,2,5
221,3,3
221,4,4
221,5,4
221,6,5
221,7,4
221,8,5
221,9,4
221,10,5
221,11,3
221,12,5
221,13,3
221,14,3
221,15,4
221,16,2
221,17,2
50,1,5
50,2,5
50,3,3
50,4,3
50,5,4
50,6,5
50,7,5
50,8,5
50,9,5
50,10,4
50,11,5
50,12,5
50,13,4
50,14,3
50,15,5
50,16,4
50,17,5
379,1,4
379,2,4
379,3,3
379,4,3
379,5,3
379,6,2
379,7,2
379,8,4
379,9,2
379,10,4
379,11,3
379,12,3
379,13,3
379,14,3
379,15,3
379,16,3
379,17,4
147,1,5
147,2,3
147,3,2
147,4,3
147,5,4
147,6,4
147,7,3
147,8,3
147,9,3
147,10,3
147,11,2
147,12,5
147,13,4
147,14,4
147,15,4
147,16,3
147,17,4
224,1,5
224,2,4
224,3,3
224,4,3
224,5,4
224,6,3
224,7,4
224,8,4
224,9,4
224,10,4
224,11,3
224,12,5
224,13,4
224,14,3
224,15,4
224,16,3
224,17,4
768,1,4
768,2,3
768,3,3
768,4,3
768,5,3
768,6,2
768,7,4
768,8,3
768,9,3
768,10,2
768,11,2
768,12,5
768,13,3
768,14,4
768,15,3
768,16,3
768,17,4
10,1,5
10,2,5
10,3,4
10,4,4
10,5,4
10,6,5
10,7,5
10,8,5
10,9,5
10,10,5
10,11,4
10,12,5
10,13,5
10,14,4
10,15,4
10,16,4
10,17,4
753,1,4
753,2,5
753,3,3
753,4,4
753,5,4
753,6,5
753,7,3
753,8,4
753,9,5
753,10,4
753,11,4
753,12,4
753,13,4
753,14,3
753,15,5
753,16,3
753,17,5
488,1,5
488,2,5
488,3,3
488,4,4
488,5,4
488,6,5
488,7,4
488,8,4
488,9,5
488,10,3
488,11,3
488,12,5
488,13,4
488,14,3
488,15,3
488,16,3
488,17,4
307,1,4
307,2,4
307,3,3
307,4,3
307,5,4
307,6,4
307,7,3
307,8,3
307,9,3
307,10,4
307,11,4
307,12,4
307,13,4
307,14,3
307,15,4
307,16,3
307,17,3
556,1,3
556,2,4
556,3,3
556,4,2
556,5,4
556,6,2
556,7,4
556,8,3
556,9,3
556,10,2
556,11,2
556,12,4
556,13,4
556,14,2
556,15,3
556,16,3
556,17,3
75,1,4
75,2,3
75,3,3
75,4,2
75,5,4
75,6,4
75,7,3
75,8,3
75,9,2
75,10,3
75,11,3
75,12,5
75,13,3
75,14,5
75,15,5
75,16,3
75,17,4
237,1,5
237,2,4
237,3,3
237,4,3
237,5,4
237,6,4
237,7,3
237,8,4
237,9,4
237,10,4
237,11,3
237,12,4
237,13,4
237,14,3
237,15,2
237,16,4
237,17,3
64,1,4
64,2,2
64,3,3
64,4,3
64,5,4
64,6,4
64,7,3
64,8,3
64,9,3
64,10,3
64,11,2
64,12,4
64,13,5
64,14,4
64,15,4
64,16,4
64,17,4
648,1,5
648,2,4
648,3,2
648,4,2
648,5,3
648,6,4
648,7,4
648,8,3
648,9,2
648,10,2
648,11,2
648,12,5
648,13,4
648,14,3
648,15,4
648,16,3
648,17,4
163,1,3
163,2,3
163,3,2
163,4,3
163,5,4
163,6,2
163,7,3
163,8,2
163,9,2
163,10,2
163,11,1
163,12,4
163,13,3
163,14,4
163,15,4
163,16,3
163,17,5
138,1,5
138,2,5
138,3,3
138,4,4
138,5,4
138,6,4
138,7,5
138,8,3
138,9,5
138,10,3
138,11,3
138,12,4
138,13,4
138,14,4
138,15,4
138,16,4
138,17,4
53,1,5
53,2,5
53,3,3
53,4,3
53,5,3
53,6,2
53,7,4
53,8,3
53,9,4
53,10,4
53,11,2
53,12,5
53,13,5
53,14,5
53,15,3
53,16,4
53,17,4
183,1,4
183,2,5
183,3,3
183,4,2
183,5,4
183,6,2
183,7,3
183,8,3
183,9,3
183,10,4
183,11,2
183,12,4
183,13,4
183,14,3
183,15,4
183,16,1
183,17,3
73,1,5
73,2,5
73,3,3
73,4,3
73,5,4
73,6,3
73,7,3
73,8,3
73,9,5
73,10,3
73,11,4
73,12,5
73,13,4
73,14,3
73,15,4
73,16,4
73,17,4
137,1,4
137,2,5
137,3,3
137,4,3
137,5,4
137,6,5
137,7,4
137,8,3
137,9,4
137,10,4
137,11,4
137,12,5
137,13,4
137,14,4
137,15,5
137,16,3
137,17,4
653,1,4
653,2,4
653,3,3
653,4,4
653,5,4
653,6,4
653,7,3
653,8,3
653,9,3
653,10,2
653,11,2
653,12,4
653,13,3
653,14,2
653,15,3
653,16,3
653,17,4
367,1,5
367,2,4
367,3,2
367,4,3
367,5,3
367,6,3
367,7,3
367,8,2
367,9,3
367,10,3
367,11,1
367,12,4
367,13,3
367,14,4
367,15,2
367,16,3
367,17,3
633,1,4
633,2,5
633,3,3
633,4,3
633,5,4
633,6,3
633,7,3
633,8,2
633,9,4
633,10,3
633,11,3
633,12,4
633,13,3
633,14,4
633,15,4
633,16,2
633,17,4
562,1,4
562,2,5
562,3,3
562,4,3
562,5,3
562,6,3
562,7,4
562,8,3
562,9,3
562,10,4
562,11,2
562,12,4
562,13,3
562,14,3
562,15,4
562,16,3
562,17,4
151,1,4
151,2,4
151,3,3
151,4,3
151,5,4
151,6,4
151,7,4
151,8,4
151,9,3
151,10,5
151,11,3
151,12,5
151,13,3
151,14,4
151,15,4
151,16,3
151,17,4
300,1,5
300,2,5
300,3,3
300,4,3
300,5,4
300,6,4
300,7,5
300,8,4
300,9,5
300,10,5
300,11,3
300,12,5
300,13,3
300,14,4
300,15,3
300,16,4
300,17,3
323,1,5
323,2,5
323,3,3
323,4,4
323,5,4
323,6,5
323,7,4
323,8,4
323,9,5
323,10,4
323,11,4
323,12,5
323,13,3
323,14,4
323,15,4
323,16,3
323,17,4
490,1,4
490,2,4
490,3,3
490,4,3
490,5,4
490,6,3
490,7,3
490,8,3
490,9,3
490,10,4
490,11,3
490,12,4
490,13,4
490,14,3
490,15,4
490,16,3
490,17,2
302,1,5
302,2,4
302,3,3
302,4,4
302,5,4
302,6,2
302,7,4
302,8,3
302,9,4
302,10,4
302,11,3
302,12,4
302,13,4
302,14,3
302,15,2
302,16,3
302,17,3
531,1,5
531,2,5
531,3,3
531,4,4
531,5,4
531,6,5
531,7,5
531,8,5
531,9,5
531,10,5
531,11,4
531,12,4
531,13,5
531,14,3
531,15,3
531,16,3
531,17,4
101,1,5
101,2,5
101,3,2
101,4,3
101,5,4
101,6,3
101,7,4
101,8,5
101,9,4
101,10,5
101,11,4
101,12,5
101,13,5
101,14,4
101,15,4
101,16,3
101,17,4
268,1,4
268,2,3
268,3,3
268,4,3
268,5,4
268,6,2
268,7,3
268,8,4
268,9,3
268,10,3
268,11,3
268,12,3
268,13,3
268,14,4
268,15,3
268,16,4
268,17,3
296,1,5
296,2,4
296,3,3
296,4,3
296,5,4
296,6,3
296,7,3
296,8,4
296,9,4
296,10,4
296,11,3
296,12,4
296,13,3
296,14,3
296,15,4
296,16,3
296,17,4
118,1,5
118,2,5
118,3,3
118,4,4
118,5,4
118,6,4
118,7,5
118,8,4
118,9,5
118,10,5
118,11,5
118,12,5
118,13,4
118,14,3
118,15,3
118,16,2
118,17,3
180,1,5
180,2,5
180,3,3
180,4,4
180,5,4
180,6,5
180,7,4
180,8,4
180,9,5
180,10,5
180,11,4
180,12,5
180,13,3
180,14,4
180,15,5
180,16,4
180,17,3
458,1,5
458,2,5
458,3,3
458,4,3
458,5,4
458,6,4
458,7,4
458,8,5
458,9,4
458,10,4
458,11,4
458,12,5
458,13,4
458,14,3
458,15,3
458,16,3
458,17,4
7,1,5
7,2,5
7,3,4
7,4,4
7,5,5
7,6,5
7,7,5
7,8,4
7,9,5
7,10,5
7,11,5
7,12,5
7,13,4
7,14,4
7,15,5
7,16,4
7,17,5
645,1,5
645,2,5
645,3,3
645,4,3
645,5,4
645,6,4
645,7,5
645,8,5
645,9,4
645,10,5
645,11,5
645,12,4
645,13,4
645,14,3
645,15,2
645,16,3
645,17,3
547,1,5
547,2,4
547,3,4
547,4,4
547,5,4
547,6,5
547,7,5
547,8,4
547,9,5
547,10,5
547,11,3
547,12,3
547,13,4
547,14,2
547,15,2
547,16,2
547,17,3
405,1,5
405,2,5
405,3,3
405,4,3
405,5,4
405,6,5
405,7,5
405,8,5
405,9,5
405,10,4
405,11,3
405,12,4
405,13,4
405,14,3
405,15,3
405,16,3
405,17,3
682,1,4
682,2,5
682,3,3
682,4,3
682,5,4
682,6,4
682,7,5
682,8,5
682,9,5
682,10,4
682,11,3
682,12,4
682,13,4
682,14,3
682,15,4
682,16,3
682,17,3
35,1,5
35,2,5
35,3,4
35,4,4
35,5,4
35,6,5
35,7,5
35,8,5
35,9,4
35,10,5
35,11,4
35,12,5
35,13,4
35,14,3
35,15,3
35,16,3
35,17,4
340,1,5
340,2,5
340,3,3
340,4,3
340,5,3
340,6,4
340,7,3
340,8,4
340,9,3
340,10,4
340,11,3
340,12,5
340,13,3
340,14,4
340,15,3
340,16,2
340,17,3
466,1,4
466,2,5
466,3,3
466,4,3
466,5,4
466,6,4
466,7,4
466,8,4
466,9,4
466,10,3
466,11,3
466,12,4
466,13,4
466,14,3
466,15,3
466,16,3
466,17,2
380,1,5
380,2,5
380,3,3
380,4,4
380,5,4
380,6,5
380,7,4
380,8,5
380,9,4
380,10,5
380,11,3
380,12,4
380,13,5
380,14,4
380,15,3
380,16,4
380,17,3
81,1,5
81,2,4
81,3,4
81,4,4
81,5,5
81,6,4
81,7,5
81,8,4
81,9,5
81,10,4
81,11,4
81,12,5
81,13,3
81,14,4
81,15,4
81,16,3
81,17,3
481,1,5
481,2,5
481,3,3
481,4,3
481,5,4
481,6,5
481,7,5
481,8,4
481,9,4
481,10,4
481,11,5
481,12,5
481,13,4
481,14,3
481,15,4
481,16,4
481,17,4
613,1,5
613,2,4
613,3,3
613,4,3
613,5,4
613,6,4
613,7,4
613,8,4
613,9,4
613,10,4
613,11,3
613,12,4
613,13,3
613,14,4
613,15,4
613,16,3
613,17,4
261,1,5
261,2,5
261,3,3
261,4,3
261,5,4
261,6,4
261,7,5
261,8,5
261,9,5
261,10,4
261,11,4
261,12,4
261,13,3
261,14,3
261,15,4
261,16,4
261,17,5
615,1,5
615,2,5
615,3,3
615,4,4
615,5,4
615,6,4
615,7,4
615,8,4
615,9,5
615,10,4
615,11,3
615,12,4
615,13,4
615,14,3
615,15,2
615,16,3
615,17,3
166,1,5
166,2,5
166,3,3
166,4,3
166,5,4
166,6,3
166,7,4
166,8,3
166,9,5
166,10,4
166,11,3
166,12,5
166,13,3
166,14,5
166,15,3
166,16,3
166,17,4
32,1,5
32,2,5
32,3,4
32,4,4
32,5,5
32,6,4
32,7,5
32,8,4
32,9,4
32,10,4
32,11,4
32,12,5
32,13,4
32,14,5
32,15,5
32,16,4
32,17,5
92,1,4
92,2,5
92,3,3
92,4,3
92,5,4
92,6,4
92,7,4
92,8,3
92,9,4
92,10,3
92,11,3
92,12,5
92,13,3
92,14,4
92,15,4
92,16,4
92,17,4
502,1,4
502,2,4
502,3,3
502,4,4
502,5,3
502,6,3
502,7,4
502,8,3
502,9,3
502,10,2
502,11,4
502,12,5
502,13,3
502,14,3
502,15,3
502,16,5
502,17,3
497,1,5
497,2,5
497,3,3
497,4,4
497,5,4
497,6,4
497,7,4
497,8,5
497,9,5
497,10,3
497,11,3
497,12,4
497,13,4
497,14,3
497,15,5
497,16,3
497,17,3
518,1,5
518,2,5
518,3,4
518,4,3
518,5,4
518,6,4
518,7,4
518,8,5
518,9,5
518,10,5
518,11,3
518,12,4
518,13,4
518,14,4
518,15,4
518,16,3
518,17,4
464,1,4
464,2,5
464,3,3
464,4,3
464,5,3
464,6,1
464,7,3
464,8,1
464,9,4
464,10,4
464,11,3
464,12,5
464,13,3
464,14,3
464,15,4
464,16,3
464,17,3
740,1,5
740,2,5
740,3,3
740,4,4
740,5,5
740,6,4
740,7,5
740,8,4
740,9,5
740,10,5
740,11,4
740,12,5
740,13,4
740,14,3
740,15,3
740,16,3
740,17,4
522,1,5
522,2,5
522,3,3
522,4,4
522,5,4
522,6,4
522,7,5
522,8,3
522,9,4
522,10,4
522,11,4
522,12,5
522,13,3
522,14,2
522,15,4
522,16,3
522,17,3
290,1,4
290,2,4
290,3,4
290,4,4
290,5,4
290,6,4
290,7,3
290,8,5
290,9,5
290,10,5
290,11,4
290,12,4
290,13,3
290,14,3
290,15,3
290,16,4
290,17,3
408,1,3
408,2,4
408,3,3
408,4,3
408,5,4
408,6,4
408,7,3
408,8,2
408,9,5
408,10,2
408,11,2
408,12,5
408,13,4
408,14,5
408,15,5
408,16,3
408,17,5
639,1,4
639,2,5
639,3,3
639,4,3
639,5,4
639,6,3
639,7,3
639,8,2
639,9,4
639,10,3
639,11,2
639,12,5
639,13,3
639,14,3
639,15,5
639,16,2
639,17,4
572,1,5
572,2,5
572,3,4
572,4,4
572,5,4
572,6,4
572,7,5
572,8,4
572,9,5
572,10,5
572,11,4
572,12,5
572,13,4
572,14,3
572,15,4
572,16,4
572,17,4
565,1,5
565,2,5
565,3,3
565,4,4
565,5,4
565,6,4
565,7,5
565,8,4
565,9,5
565,10,5
565,11,3
565,12,5
565,13,4
565,14,3
565,15,3
565,16,2
565,17,5
252,1,4
252,2,4
252,3,3
252,4,3
252,5,4
252,6,2
252,7,3
252,8,3
252,9,3
252,10,5
252,11,4
252,12,4
252,13,4
252,14,3
252,15,3
252,16,4
252,17,4
372,1,5
372,2,5
372,3,3
372,4,4
372,5,4
372,6,4
372,7,3
372,8,5
372,9,5
372,10,4
372,11,4
372,12,5
372,13,3
372,14,3
372,15,2
372,16,4
372,17,4
240,1,5
240,2,5
240,3,3
240,4,4
240,5,4
240,6,3
240,7,5
240,8,4
240,9,4
240,10,5
240,11,4
240,12,4
240,13,3
240,14,3
240,15,4
240,16,3
240,17,4
54,1,5
54,2,5
54,3,4
54,4,3
54,5,4
54,6,5
54,7,5
54,8,5
54,9,5
54,10,5
54,11,4
54,12,4
54,13,5
54,14,4
54,15,4
54,16,4
54,17,4
425,1,5
425,2,5
425,3,4
425,4,4
425,5,5
425,6,4
425,7,4
425,8,4
425,9,5
425,10,5
425,11,4
425,12,4
425,13,2
425,14,4
425,15,4
425,16,4
425,17,3
62,1,5
62,2,5
62,3,4
62,4,3
62,5,4
62,6,4
62,7,5
62,8,4
62,9,4
62,10,4
62,11,3
62,12,5
62,13,4
62,14,4
62,15,4
62,16,4
62,17,4
217,1,4
217,2,5
217,3,3
217,4,3
217,5,4
217,6,4
217,7,3
217,8,4
217,9,5
217,10,5
217,11,4
217,12,4
217,13,4
217,14,3
217,15,3
217,16,4
217,17,5
622,1,5
622,2,4
622,3,3
622,4,3
622,5,4
622,6,4
622,7,5
622,8,4
622,9,5
622,10,4
622,11,4
622,12,5
622,13,4
622,14,3
622,15,4
622,16,3
622,17,4
698,1,4
698,2,5
698,3,3
698,4,4
698,5,4
698,6,5
698,7,4
698,8,4
698,9,4
698,10,5
698,11,4
698,12,4
698,13,4
698,14,4
698,15,3
698,16,3
698,17,4
184,1,5
184,2,5
184,3,3
184,4,4
184,5,4
184,6,4
184,7,4
184,8,4
184,9,5
184,10,5
184,11,5
184,12,5
184,13,3
184,14,3
184,15,5
184,16,3
184,17,3
539,1,5
539,2,3
539,3,3
539,4,3
539,5,4
539,6,2
539,7,3
539,8,2
539,9,4
539,10,4
539,11,3
539,12,5
539,13,4
539,14,5
539,15,2
539,16,3
539,17,5
263,1,5
263,2,5
263,3,4
263,4,4
263,5,4
263,6,4
263,7,5
263,8,3
263,9,4
263,10,3
263,11,4
263,12,5
263,13,3
263,14,5
263,15,2
263,16,4
263,17,2
60,1,4
60,2,4
60,3,3
60,4,3
60,5,4
60,6,4
60,7,4
60,8,5
60,9,5
60,10,4
60,11,5
60,12,5
60,13,5
60,14,4
60,15,4
60,16,3
60,17,4
233,1,5
233,2,5
233,3,3
233,4,3
233,5,4
233,6,4
233,7,4
233,8,3
233,9,5
233,10,4
233,11,4
233,12,4
233,13,4
233,14,3
233,15,4
233,16,3
233,17,4
555,1,5
555,2,5
555,3,3
555,4,3
555,5,4
555,6,4
555,7,4
555,8,4
555,9,4
555,10,3
555,11,4
555,12,4
555,13,3
555,14,4
555,15,3
555,16,3
555,17,4
430,1,5
430,2,5
430,3,3
430,4,3
430,5,4
430,6,5
430,7,4
430,8,4
430,9,4
430,10,4
430,11,4
430,12,3
430,13,4
430,14,3
430,15,3
430,16,3
430,17,4
88,1,5
88,2,5
88,3,3
88,4,4
88,5,5
88,6,4
88,7,5
88,8,4
88,9,5
88,10,5
88,11,4
88,12,5
88,13,4
88,14,3
88,15,4
88,16,5
88,17,4
85,1,5
85,2,5
85,3,3
85,4,3
85,5,4
85,6,4
85,7,4
85,8,4
85,9,4
85,10,4
85,11,3
85,12,5
85,13,4
85,14,4
85,15,3
85,16,4
85,17,4
223,1,5
223,2,4
223,3,3
223,4,3
223,5,3
223,6,3
223,7,3
223,8,4
223,9,4
223,10,4
223,11,2
223,12,5
223,13,4
223,14,3
223,15,4
223,16,3
223,17,5
190,1,4
190,2,5
190,3,3
190,4,3
190,5,4
190,6,5
190,7,4
190,8,5
190,9,4
190,10,4
190,11,4
190,12,4
190,13,5
190,14,4
190,15,4
190,16,5
190,17,3
285,1,5
285,2,5
285,3,3
285,4,4
285,5,4
285,6,3
285,7,4
285,8,4
285,9,4
285,10,3
285,11,3
285,12,5
285,13,3
285,14,3
285,15,4
285,16,4
285,17,5
769,1,4
769,2,5
769,3,3
769,4,4
769,5,4
769,6,5
769,7,4
769,8,4
769,9,4
769,10,4
769,11,4
769,12,4
769,13,4
769,14,3
769,15,4
769,16,3
769,17,3
346,1,3
346,2,4
346,3,2
346,4,3
346,5,3
346,6,3
346,7,3
346,8,3
346,9,3
346,10,3
346,11,4
346,12,4
346,13,4
346,14,4
346,15,4
346,16,2
346,17,4
212,1,5
212,2,5
212,3,3
212,4,4
212,5,4
212,6,4
212,7,4
212,8,5
212,9,5
212,10,5
212,11,3
212,12,5
212,13,4
212,14,3
212,15,4
212,16,4
212,17,4
764,1,5
764,2,5
764,3,3
764,4,3
764,5,4
764,6,4
764,7,5
764,8,4
764,9,5
764,10,3
764,11,3
764,12,5
764,13,4
764,14,4
764,15,4
764,16,3
764,17,4
437,1,5
437,2,5
437,3,3
437,4,4
437,5,4
437,6,4
437,7,5
437,8,5
437,9,5
437,10,4
437,11,4
437,12,5
437,13,4
437,14,4
437,15,4
437,16,3
437,17,4
453,1,5
453,2,5
453,3,3
453,4,3
453,5,4
453,6,3
453,7,3
453,8,3
453,9,3
453,10,4
453,11,3
453,12,5
453,13,4
453,14,3
453,15,4
453,16,3
453,17,4
552,1,5
552,2,5
552,3,3
552,4,4
552,5,4
552,6,4
552,7,5
552,8,5
552,9,4
552,10,5
552,11,4
552,12,4
552,13,4
552,14,3
552,15,2
552,16,3
552,17,4
597,1,4
597,2,5
597,3,3
597,4,3
597,5,4
597,6,4
597,7,5
597,8,4
597,9,4
597,10,4
597,11,4
597,12,3
597,13,4
597,14,3
597,15,4
597,16,2
597,17,4
462,1,3
462,2,4
462,3,3
462,4,3
462,5,3
462,6,4
462,7,3
462,8,3
462,9,4
462,10,3
462,11,4
462,12,4
462,13,3
462,14,2
462,15,2
462,16,3
462,17,4
282,1,5
282,2,5
282,3,3
282,4,4
282,5,4
282,6,5
282,7,5
282,8,4
282,9,5
282,10,4
282,11,4
282,12,4
282,13,4
282,14,3
282,15,3
282,16,3
282,17,2
153,1,5
153,2,5
153,3,3
153,4,3
153,5,4
153,6,4
153,7,4
153,8,4
153,9,5
153,10,4
153,11,4
153,12,4
153,13,3
153,14,3
153,15,3
153,16,4
153,17,4
254,1,4
254,2,4
254,3,3
254,4,3
254,5,4
254,6,3
254,7,3
254,8,4
254,9,5
254,10,3
254,11,4
254,12,5
254,13,3
254,14,4
254,15,4
254,16,2
254,17,5
586,1,5
586,2,5
586,3,3
586,4,4
586,5,4
586,6,4
586,7,3
586,8,4
586,9,4
586,10,5
586,11,4
586,12,4
586,13,4
586,14,3
586,15,2
586,16,3
586,17,4
143,1,4
143,2,4
143,3,2
143,4,3
143,5,4
143,6,3
143,7,3
143,8,3
143,9,4
143,10,5
143,11,4
143,12,5
143,13,3
143,14,4
143,15,4
143,16,4
143,17,4
628,1,5
628,2,5
628,3,3
628,4,4
628,5,4
628,6,4
628,7,5
628,8,3
628,9,5
628,10,5
628,11,4
628,12,4
628,13,2
628,14,3
628,15,3
628,16,4
628,17,4
229,1,4
229,2,4
229,3,3
229,4,3
229,5,3
229,6,4
229,7,3
229,8,4
229,9,4
229,10,4
229,11,2
229,12,4
229,13,5
229,14,4
229,15,3
229,16,3
229,17,4
733,1,4
733,2,3
733,3,3
733,4,3
733,5,4
733,6,3
733,7,3
733,8,3
733,9,4
733,10,3
733,11,3
733,12,4
733,13,3
733,14,3
733,15,4
733,16,3
733,17,3
727,1,5
727,2,5
727,3,3
727,4,4
727,5,4
727,6,5
727,7,5
727,8,5
727,9,5
727,10,4
727,11,3
727,12,4
727,13,4
727,14,5
727,15,3
727,16,4
727,17,3
654,1,4
654,2,5
654,3,3
654,4,4
654,5,3
654,6,2
654,7,3
654,8,3
654,9,4
654,10,3
654,11,1
654,12,4
654,13,3
654,14,3
654,15,2
654,16,3
654,17,4
38,1,5
38,2,5
38,3,3
38,4,4
38,5,5
38,6,5
38,7,5
38,8,4
38,9,5
38,10,4
38,11,3
38,12,4
38,13,4
38,14,4
38,15,4
38,16,4
38,17,4
610,1,4
610,2,4
610,3,3
610,4,2
610,5,3
610,6,1
610,7,2
610,8,2
610,9,4
610,10,2
610,11,2
610,12,4
610,13,3
610,14,3
610,15,3
610,16,3
610,17,4
357,1,5
357,2,5
357,3,3
357,4,4
357,5,4
357,6,4
357,7,5
357,8,4
357,9,4
357,10,4
357,11,4
357,12,3
357,13,2
357,14,3
357,15,3
357,16,2
357,17,3
585,1,5
585,2,5
585,3,3
585,4,4
585,5,4
585,6,4
585,7,5
585,8,4
585,9,5
585,10,5
585,11,4
585,12,5
585,13,3
585,14,3
585,15,4
585,16,2
585,17,3
546,1,4
546,2,4
546,3,3
546,4,4
546,5,4
546,6,4
546,7,5
546,8,4
546,9,5
546,10,3
546,11,3
546,12,4
546,13,4
546,14,3
546,15,3
546,16,3
546,17,4
354,1,4
354,2,3
354,3,2
354,4,3
354,5,3
354,6,4
354,7,5
354,8,3
354,9,5
354,10,2
354,11,4
354,12,4
354,13,3
354,14,3
354,15,3
354,16,3
354,17,3
318,1,5
318,2,5
318,3,3
318,4,3
318,5,4
318,6,4
318,7,4
318,8,4
318,9,5
318,10,4
318,11,4
318,12,4
318,13,5
318,14,4
318,15,3
318,16,1
318,17,4
15,1,5
15,2,5
15,3,3
15,4,4
15,5,4
15,6,4
15,7,5
15,8,5
15,9,5
15,10,4
15,11,5
15,12,5
15,13,5
15,14,5
15,15,3
15,16,3
15,17,5
612,1,5
612,2,5
612,3,3
612,4,3
612,5,4
612,6,5
612,7,5
612,8,4
612,9,5
612,10,3
612,11,3
612,12,5
612,13,4
612,14,3
612,15,4
612,16,2
612,17,3
671,1,5
671,2,5
671,3,3
671,4,4
671,5,5
671,6,5
671,7,5
671,8,4
671,9,5
671,10,4
671,11,4
671,12,5
671,13,3
671,14,3
671,15,3
671,16,3
671,17,3
157,1,5
157,2,4
157,3,3
157,4,4
157,5,4
157,6,4
157,7,4
157,8,4
157,9,3
157,10,4
157,11,3
157,12,5
157,13,5
157,14,4
157,15,2
157,16,5
157,17,4
341,1,5
341,2,5
341,3,4
341,4,4
341,5,4
341,6,5
341,7,5
341,8,5
341,9,5
341,10,5
341,11,4
341,12,4
341,13,4
341,14,3
341,15,3
341,16,4
341,17,5
21,1,5
21,2,5
21,3,4
21,4,4
21,5,5
21,6,5
21,7,5
21,8,5
21,9,5
21,10,5
21,11,4
21,12,5
21,13,5
21,14,4
21,15,4
21,16,3
21,17,3
706,1,5
706,2,5
706,3,3
706,4,3
706,5,4
706,6,4
706,7,3
706,8,4
706,9,4
706,10,5
706,11,3
706,12,4
706,13,3
706,14,4
706,15,3
706,16,4
706,17,3
549,1,5
549,2,4
549,3,3
549,4,3
549,5,4
549,6,4
549,7,4
549,8,4
549,9,4
549,10,4
549,11,3
549,12,5
549,13,4
549,14,3
549,15,4
549,16,3
549,17,3
402,1,5
402,2,5
402,3,3
402,4,4
402,5,4
402,6,4
402,7,5
402,8,5
402,9,5
402,10,5
402,11,2
402,12,5
402,13,3
402,14,4
402,15,3
402,16,3
402,17,4
450,1,4
450,2,5
450,3,3
450,4,4
450,5,4
450,6,3
450,7,4
450,8,4
450,9,5
450,10,5
450,11,4
450,12,5
450,13,4
450,14,3
450,15,3
450,16,4
450,17,3
424,1,5
424,2,4
424,3,4
424,4,3
424,5,4
424,6,5
424,7,5
424,8,4
424,9,4
424,10,5
424,11,3
424,12,5
424,13,5
424,14,4
424,15,3
424,16,4
424,17,2
664,1,5
664,2,4
664,3,3
664,4,3
664,5,4
664,6,5
664,7,4
664,8,4
664,9,4
664,10,4
664,11,4
664,12,4
664,13,3
664,14,3
664,15,2
664,16,3
664,17,4
743,1,5
743,2,4
743,3,3
743,4,3
743,5,4
743,6,5
743,7,4
743,8,4
743,9,4
743,10,3
743,11,3
743,12,5
743,13,3
743,14,4
743,15,4
743,16,2
743,17,3
47,1,5
47,2,5
47,3,3
47,4,3
47,5,4
47,6,5
47,7,5
47,8,5
47,9,5
47,10,4
47,11,5
47,12,5
47,13,5
47,14,5
47,15,4
47,16,3
47,17,3
673,1,5
673,2,5
673,3,3
673,4,3
673,5,4
673,6,4
673,7,5
673,8,4
673,9,5
673,10,4
673,11,4
673,12,4
673,13,3
673,14,4
673,15,4
673,16,3
673,17,3
535,1,4
535,2,4
535,3,3
535,4,4
535,5,4
535,6,4
535,7,5
535,8,3
535,9,5
535,10,4
535,11,3
535,12,5
535,13,4
535,14,4
535,15,5
535,16,3
535,17,3
536,1,5
536,2,5
536,3,3
536,4,3
536,5,4
536,6,5
536,7,4
536,8,5
536,9,5
536,10,5
536,11,3
536,12,5
536,13,3
536,14,3
536,15,3
536,16,4
536,17,3
319,1,4
319,2,5
319,3,3
319,4,4
319,5,4
319,6,3
319,7,5
319,8,4
319,9,4
319,10,4
319,11,3
319,12,5
319,13,3
319,14,4
319,15,3
319,16,3
319,17,4
651,1,4
651,2,5
651,3,3
651,4,4
651,5,4
651,6,5
651,7,4
651,8,5
651,9,5
651,10,3
651,11,3
651,12,4
651,13,4
651,14,3
651,15,3
651,16,3
651,17,4
521,1,5
521,2,5
521,3,4
521,4,4
521,5,4
521,6,4
521,7,5
521,8,4
521,9,4
521,10,3
521,11,3
521,12,5
521,13,4
521,14,4
521,15,2
521,16,2
521,17,3
390,1,5
390,2,5
390,3,3
390,4,4
390,5,4
390,6,5
390,7,4
390,8,5
390,9,5
390,10,5
390,11,3
390,12,5
390,13,3
390,14,4
390,15,3
390,16,3
390,17,4
551,1,5
551,2,4
551,3,3
551,4,3
551,5,4
551,6,3
551,7,4
551,8,5
551,9,5
551,10,4
551,11,4
551,12,5
551,13,3
551,14,4
551,15,3
551,16,4
551,17,3
239,1,5
239,2,5
239,3,4
239,4,4
239,5,4
239,6,4
239,7,5
239,8,5
239,9,5
239,10,4
239,11,3
239,12,5
239,13,4
239,14,3
239,15,4
239,16,2
239,17,3
575,1,4
575,2,5
575,3,3
575,4,3
575,5,4
575,6,4
575,7,5
575,8,4
575,9,4
575,10,5
575,11,4
575,12,5
575,13,4
575,14,3
575,15,3
575,16,3
575,17,4
712,1,5
712,2,5
712,3,3
712,4,4
712,5,4
712,6,5
712,7,4
712,8,4
712,9,5
712,10,4
712,11,3
712,12,5
712,13,3
712,14,3
712,15,4
712,16,3
712,17,4
350,1,4
350,2,5
350,3,3
350,4,4
350,5,4
350,6,3
350,7,5
350,8,4
350,9,4
350,10,3
350,11,3
350,12,4
350,13,3
350,14,4
350,15,3
350,16,3
350,17,4
701,1,5
701,2,5
701,3,3
701,4,3
701,5,4
701,6,4
701,7,5
701,8,5
701,9,5
701,10,4
701,11,3
701,12,5
701,13,4
701,14,4
701,15,3
701,16,3
701,17,5
238,1,5
238,2,4
238,3,3
238,4,3
238,5,4
238,6,3
238,7,5
238,8,4
238,9,5
238,10,3
238,11,3
238,12,4
238,13,4
238,14,4
238,15,4
238,16,3
238,17,3
393,1,5
393,2,5
393,3,4
393,4,4
393,5,4
393,6,5
393,7,5
393,8,4
393,9,5
393,10,5
393,11,4
393,12,5
393,13,3
393,14,3
393,15,4
393,16,3
393,17,3
557,1,5
557,2,5
557,3,3
557,4,3
557,5,4
557,6,4
557,7,4
557,8,4
557,9,5
557,10,4
557,11,4
557,12,5
557,13,3
557,14,3
557,15,3
557,16,3
557,17,3
525,1,4
525,2,3
525,3,3
525,4,3
525,5,4
525,6,4
525,7,5
525,8,3
525,9,4
525,10,3
525,11,3
525,12,4
525,13,3
525,14,4
525,15,3
525,16,2
525,17,3
213,1,5
213,2,5
213,3,3
213,4,3
213,5,4
213,6,4
213,7,4
213,8,5
213,9,5
213,10,5
213,11,3
213,12,4
213,13,5
213,14,5
213,15,3
213,16,5
213,17,3
421,1,5
421,2,5
421,3,4
421,4,4
421,5,4
421,6,4
421,7,5
421,8,5
421,9,5
421,10,5
421,11,5
421,12,4
421,13,3
421,14,4
421,15,3
421,16,3
421,17,3
65,1,5
65,2,5
65,3,3
65,4,4
65,5,4
65,6,5
65,7,5
65,8,5
65,9,5
65,10,5
65,11,4
65,12,5
65,13,4
65,14,4
65,15,5
65,16,4
65,17,4
414,1,4
414,2,5
414,3,3
414,4,3
414,5,4
414,6,4
414,7,4
414,8,4
414,9,4
414,10,3
414,11,3
414,12,5
414,13,4
414,14,2
414,15,3
414,16,1
414,17,3
322,1,5
322,2,5
322,3,3
322,4,4
322,5,4
322,6,4
322,7,5
322,8,4
322,9,5
322,10,4
322,11,3
322,12,5
322,13,4
322,14,3
322,15,3
322,16,4
322,17,4
643,1,4
643,2,5
643,3,4
643,4,4
643,5,4
643,6,5
643,7,5
643,8,4
643,9,5
643,10,4
643,11,4
643,12,4
643,13,4
643,14,4
643,15,2
643,16,2
643,17,5
249,1,5
249,2,5
249,3,3
249,4,3
249,5,4
249,6,5
249,7,4
249,8,4
249,9,5
249,10,4
249,11,3
249,12,5
249,13,5
249,14,4
249,15,3
249,16,4
249,17,3
511,1,5
511,2,5
511,3,3
511,4,3
511,5,4
511,6,4
511,7,4
511,8,4
511,9,5
511,10,4
511,11,3
511,12,4
511,13,4
511,14,4
511,15,3
511,16,2
511,17,4
257,1,5
257,2,5
257,3,3
257,4,4
257,5,4
257,6,4
257,7,5
257,8,5
257,9,5
257,10,5
257,11,4
257,12,5
257,13,5
257,14,3
257,15,3
257,16,3
257,17,3
746,1,5
746,2,5
746,3,4
746,4,4
746,5,4
746,6,4
746,7,4
746,8,5
746,9,5
746,10,5
746,11,4
746,12,5
746,13,3
746,14,4
746,15,4
746,16,4
746,17,3
411,1,5
411,2,4
411,3,3
411,4,4
411,5,4
411,6,4
411,7,5
411,8,4
411,9,4
411,10,4
411,11,4
411,12,4
411,13,3
411,14,3
411,15,2
411,16,3
411,17,4
676,1,5
676,2,5
676,3,3
676,4,4
676,5,5
676,6,5
676,7,5
676,8,5
676,9,5
676,10,4
676,11,3
676,12,5
676,13,3
676,14,3
676,15,4
676,16,4
676,17,4
640,1,5
640,2,5
640,3,3
640,4,3
640,5,4
640,6,3
640,7,4
640,8,3
640,9,4
640,10,4
640,11,3
640,12,5
640,13,3
640,14,5
640,15,3
640,16,3
640,17,4
589,1,5
589,2,5
589,3,4
589,4,4
589,5,5
589,6,5
589,7,5
589,8,4
589,9,4
589,10,4
589,11,4
589,12,4
589,13,4
589,14,3
589,15,4
589,16,3
589,17,4
605,1,5
605,2,5
605,3,3
605,4,4
605,5,4
605,6,4
605,7,4
605,8,3
605,9,5
605,10,3
605,11,3
605,12,5
605,13,3
605,14,4
605,15,3
605,16,3
605,17,3
665,1,5
665,2,5
665,3,3
665,4,3
665,5,3
665,6,4
665,7,5
665,8,5
665,9,5
665,10,4
665,11,2
665,12,4
665,13,4
665,14,4
665,15,3
665,16,3
665,17,3
590,1,4
590,2,5
590,3,4
590,4,3
590,5,4
590,6,5
590,7,4
590,8,5
590,9,4
590,10,4
590,11,4
590,12,5
590,13,4
590,14,4
590,15,3
590,16,3
590,17,2
717,1,5
717,2,5
717,3,3
717,4,4
717,5,4
717,6,4
717,7,4
717,8,4
717,9,5
717,10,3
717,11,3
717,12,3
717,13,3
717,14,4
717,15,3
717,16,3
717,17,4
443,1,5
443,2,4
443,3,3
443,4,3
443,5,4
443,6,5
443,7,5
443,8,3
443,9,4
443,10,4
443,11,4
443,12,5
443,13,4
443,14,3
443,15,3
443,16,3
443,17,3
542,1,5
542,2,5
542,3,4
542,4,3
542,5,4
542,6,4
542,7,5
542,8,5
542,9,5
542,10,4
542,11,3
542,12,3
542,13,4
542,14,3
542,15,2
542,16,3
542,17,3
723,1,5
723,2,5
723,3,3
723,4,4
723,5,4
723,6,5
723,7,5
723,8,5
723,9,5
723,10,4
723,11,4
723,12,5
723,13,4
723,14,4
723,15,4
723,16,3
723,17,4
571,1,5
571,2,5
571,3,4
571,4,4
571,5,4
571,6,4
571,7,5
571,8,4
571,9,5
571,10,5
571,11,3
571,12,5
571,13,3
571,14,3
571,15,4
571,16,3
571,17,4
292,1,5
292,2,4
292,3,3
292,4,3
292,5,4
292,6,4
292,7,5
292,8,4
292,9,5
292,10,3
292,11,4
292,12,4
292,13,3
292,14,4
292,15,3
292,16,2
292,17,3
440,1,5
440,2,5
440,3,4
440,4,4
440,5,4
440,6,5
440,7,4
440,8,4
440,9,5
440,10,4
440,11,4
440,12,4
440,13,4
440,14,3
440,15,3
440,16,3
440,17,3
103,1,4
103,2,5
103,3,3
103,4,3
103,5,4
103,6,3
103,7,4
103,8,5
103,9,5
103,10,5
103,11,3
103,12,4
103,13,5
103,14,4
103,15,4
103,16,3
103,17,3
386,1,5
386,2,5
386,3,3
386,4,4
386,5,5
386,6,4
386,7,4
386,8,4
386,9,5
386,10,3
386,11,5
386,12,4
386,13,4
386,14,4
386,15,3
386,16,2
386,17,4
501,1,4
501,2,5
501,3,3
501,4,3
501,5,4
501,6,4
501,7,4
501,8,3
501,9,5
501,10,4
501,11,4
501,12,5
501,13,4
501,14,3
501,15,3
501,16,2
501,17,3
477,1,5
477,2,5
477,3,3
477,4,3
477,5,4
477,6,5
477,7,4
477,8,3
477,9,4
477,10,4
477,11,3
477,12,5
477,13,4
477,14,4
477,15,3
477,16,2
477,17,4
160,1,5
160,2,5
160,3,3
160,4,4
160,5,4
160,6,4
160,7,4
160,8,4
160,9,4
160,10,4
160,11,3
160,12,5
160,13,5
160,14,4
160,15,5
160,16,2
160,17,4
446,1,5
446,2,4
446,3,3
446,4,4
446,5,4
446,6,5
446,7,4
446,8,5
446,9,5
446,10,4
446,11,4
446,12,5
446,13,4
446,14,3
446,15,3
446,16,3
446,17,4
457,1,4
457,2,5
457,3,3
457,4,3
457,5,4
457,6,3
457,7,4
457,8,3
457,9,5
457,10,4
457,11,3
457,12,5
457,13,3
457,14,3
457,15,3
457,16,3
457,17,3
171,1,5
171,2,5
171,3,3
171,4,4
171,5,4
171,6,4
171,7,5
171,8,5
171,9,5
171,10,5
171,11,5
171,12,4
171,13,4
171,14,3
171,15,3
171,16,3
171,17,3
112,1,5
112,2,5
112,3,3
112,4,4
112,5,5
112,6,5
112,7,5
112,8,5
112,9,5
112,10,5
112,11,4
112,12,4
112,13,4
112,14,4
112,15,4
112,16,4
112,17,4
617,1,4
617,2,5
617,3,3
617,4,3
617,5,4
617,6,4
617,7,4
617,8,3
617,9,4
617,10,4
617,11,3
617,12,5
617,13,4
617,14,4
617,15,3
617,16,4
617,17,2
719,1,5
719,2,5
719,3,3
719,4,4
719,5,4
719,6,4
719,7,5
719,8,5
719,9,5
719,10,5
719,11,4
719,12,4
719,13,5
719,14,3
719,15,3
719,16,3
719,17,2
492,1,5
492,2,4
492,3,3
492,4,4
492,5,4
492,6,5
492,7,4
492,8,5
492,9,4
492,10,4
492,11,3
492,12,4
492,13,4
492,14,4
492,15,4
492,16,4
492,17,3
131,1,5
131,2,5
131,3,4
131,4,4
131,5,4
131,6,5
131,7,5
131,8,5
131,9,5
131,10,4
131,11,5
131,12,5
131,13,5
131,14,4
131,15,3
131,16,4
131,17,4
78,1,5
78,2,5
78,3,3
78,4,4
78,5,4
78,6,5
78,7,4
78,8,5
78,9,5
78,10,4
78,11,3
78,12,5
78,13,5
78,14,4
78,15,3
78,16,3
78,17,4
98,1,5
98,2,5
98,3,4
98,4,4
98,5,4
98,6,5
98,7,5
98,8,5
98,9,5
98,10,5
98,11,4
98,12,4
98,13,3
98,14,4
98,15,4
98,16,4
98,17,3
704,1,5
704,2,5
704,3,4
704,4,4
704,5,4
704,6,5
704,7,5
704,8,5
704,9,5
704,10,4
704,11,3
704,12,5
704,13,5
704,14,3
704,15,4
704,16,3
704,17,3
362,1,5
362,2,5
362,3,3
362,4,4
362,5,4
362,6,5
362,7,5
362,8,4
362,9,5
362,10,3
362,11,4
362,12,4
362,13,4
362,14,3
362,15,3
362,16,2
362,17,3
687,1,5
687,2,5
687,3,4
687,4,4
687,5,4
687,6,4
687,7,5
687,8,5
687,9,5
687,10,4
687,11,4
687,12,5
687,13,3
687,14,4
687,15,3
687,16,2
687,17,3
173,1,5
173,2,5
173,3,3
173,4,3
173,5,4
173,6,4
173,7,4
173,8,5
173,9,5
173,10,4
173,11,4
173,12,5
173,13,4
173,14,2
173,15,4
173,16,3
173,17,3
310,1,5
310,2,4
310,3,3
310,4,4
310,5,4
310,6,3
310,7,5
310,8,3
310,9,4
310,10,3
310,11,3
310,12,4
310,13,4
310,14,3
310,15,2
310,16,3
310,17,3
756,1,5
756,2,5
756,3,3
756,4,4
756,5,4
756,6,3
756,7,5
756,8,4
756,9,5
756,10,5
756,11,4
756,12,5
756,13,4
756,14,4
756,15,4
756,16,3
756,17,3
766,1,5
766,2,5
766,3,4
766,4,4
766,5,4
766,6,4
766,7,4
766,8,4
766,9,4
766,10,3
766,11,3
766,12,5
766,13,4
766,14,3
766,15,4
766,16,2
766,17,2
761,1,5
761,2,5
761,3,3
761,4,4
761,5,4
761,6,4
761,7,4
761,8,4
761,9,4
761,10,4
761,11,4
761,12,4
761,13,4
761,14,4
761,15,4
761,16,3
761,17,4
656,1,5
656,2,5
656,3,4
656,4,4
656,5,4
656,6,4
656,7,4
656,8,4
656,9,4
656,10,5
656,11,4
656,12,5
656,13,3
656,14,3
656,15,4
656,16,2
656,17,4
128,1,5
128,2,5
128,3,4
128,4,4
128,5,4
128,6,5
128,7,5
128,8,5
128,9,5
128,10,4
128,11,4
128,12,4
128,13,3
128,14,5
128,15,2
128,16,3
128,17,3
537,1,5
537,2,5
537,3,3
537,4,4
537,5,4
537,6,5
537,7,4
537,8,4
537,9,5
537,10,4
537,11,4
537,12,4
537,13,4
537,14,3
537,15,4
537,16,3
537,17,3
515,1,5
515,2,4
515,3,2
515,4,4
515,5,4
515,6,4
515,7,3
515,8,3
515,9,4
515,10,5
515,11,3
515,12,5
515,13,3
515,14,4
515,15,3
515,16,4
515,17,4
383,1,5
383,2,5
383,3,3
383,4,3
383,5,4
383,6,5
383,7,4
383,8,4
383,9,4
383,10,5
383,11,3
383,12,4
383,13,3
383,14,4
383,15,4
383,16,2
383,17,3
722,1,4
722,2,3
722,3,3
722,4,3
722,5,4
722,6,4
722,7,4
722,8,4
722,9,3
722,10,3
722,11,3
722,12,4
722,13,3
722,14,4
722,15,4
722,16,4
722,17,4
192,1,5
192,2,5
192,3,3
192,4,3
192,5,4
192,6,4
192,7,5
192,8,4
192,9,5
192,10,4
192,11,3
192,12,5
192,13,5
192,14,3
192,15,2
192,16,2
192,17,3
94,1,4
94,2,5
94,3,4
94,4,4
94,5,4
94,6,5
94,7,4
94,8,4
94,9,5
94,10,5
94,11,4
94,12,5
94,13,5
94,14,3
94,15,3
94,16,4
94,17,4
679,1,5
679,2,5
679,3,3
679,4,4
679,5,4
679,6,5
679,7,3
679,8,4
679,9,4
679,10,3
679,11,4
679,12,4
679,13,3
679,14,3
679,15,3
679,16,4
679,17,3
365,1,5
365,2,5
365,3,3
365,4,4
365,5,4
365,6,5
365,7,4
365,8,4
365,9,5
365,10,4
365,11,3
365,12,5
365,13,3
365,14,3
365,15,3
365,16,4
365,17,4
297,1,5
297,2,5
297,3,3
297,4,4
297,5,4
297,6,3
297,7,4
297,8,5
297,9,5
297,10,3
297,11,4
297,12,5
297,13,3
297,14,4
297,15,4
297,16,4
297,17,4
400,1,5
400,2,4
400,3,3
400,4,3
400,5,4
400,6,4
400,7,5
400,8,4
400,9,4
400,10,4
400,11,3
400,12,4
400,13,4
400,14,3
400,15,3
400,16,4
400,17,4
415,1,4
415,2,5
415,3,3
415,4,3
415,5,4
415,6,4
415,7,4
415,8,4
415,9,4
415,10,4
415,11,3
415,12,5
415,13,4
415,14,4
415,15,3
415,16,3
415,17,3
475,1,4
475,2,5
475,3,3
475,4,3
475,5,4
475,6,5
475,7,4
475,8,3
475,9,3
475,10,3
475,11,4
475,12,4
475,13,5
475,14,3
475,15,4
475,16,3
475,17,4
186,1,5
186,2,5
186,3,3
186,4,4
186,5,4
186,6,4
186,7,5
186,8,5
186,9,5
186,10,5
186,11,4
186,12,5
186,13,4
186,14,4
186,15,2
186,16,3
186,17,3
345,1,5
345,2,5
345,3,3
345,4,3
345,5,4
345,6,4
345,7,4
345,8,5
345,9,5
345,10,5
345,11,4
345,12,5
345,13,3
345,14,3
345,15,3
345,16,3
345,17,4
434,1,4
434,2,5
434,3,4
434,4,3
434,5,4
434,6,5
434,7,5
434,8,4
434,9,4
434,10,4
434,11,5
434,12,3
434,13,3
434,14,3
434,15,3
434,16,2
434,17,4
30,1,5
30,2,5
30,3,3
30,4,4
30,5,4
30,6,5
30,7,5
30,8,5
30,9,4
30,10,4
30,11,3
30,12,5
30,13,4
30,14,5
30,15,4
30,16,4
30,17,4
559,1,5
559,2,4
559,3,3
559,4,3
559,5,4
559,6,3
559,7,5
559,8,4
559,9,4
559,10,4
559,11,2
559,12,4
559,13,4
559,14,3
559,15,3
559,16,3
559,17,3
209,1,4
209,2,5
209,3,3
209,4,4
209,5,4
209,6,4
209,7,4
209,8,5
209,9,5
209,10,4
209,11,2
209,12,5
209,13,4
209,14,3
209,15,3
209,16,4
209,17,4
58,1,5
58,2,5
58,3,4
58,4,4
58,5,5
58,6,5
58,7,5
58,8,5
58,9,5
58,10,5
58,11,5
58,12,5
58,13,5
58,14,4
58,15,4
58,16,3
58,17,4
293,1,4
293,2,5
293,3,3
293,4,3
293,5,3
293,6,4
293,7,5
293,8,4
293,9,5
293,10,5
293,11,4
293,12,4
293,13,3
293,14,3
293,15,3
293,16,3
293,17,5
79,1,5
79,2,5
79,3,4
79,4,4
79,5,4
79,6,5
79,7,5
79,8,5
79,9,4
79,10,5
79,11,5
79,12,5
79,13,4
79,14,4
79,15,3
79,16,3
79,17,4
661,1,5
661,2,4
661,3,3
661,4,3
661,5,3
661,6,4
661,7,5
661,8,5
661,9,3
661,10,3
661,11,2
661,12,4
661,13,4
661,14,3
661,15,5
661,16,4
661,17,3
216,1,5
216,2,5
216,3,3
216,4,4
216,5,4
216,6,5
216,7,4
216,8,4
216,9,4
216,10,3
216,11,3
216,12,3
216,13,4
216,14,4
216,15,4
216,16,3
216,17,5
620,1,5
620,2,5
620,3,3
620,4,4
620,5,4
620,6,5
620,7,4
620,8,5
620,9,5
620,10,4
620,11,3
620,12,4
620,13,4
620,14,4
620,15,4
620,16,3
620,17,2
422,1,5
422,2,5
422,3,3
422,4,4
422,5,4
422,6,4
422,7,5
422,8,5
422,9,5
422,10,5
422,11,4
422,12,5
422,13,5
422,14,4
422,15,3
422,16,2
422,17,4
332,1,5
332,2,5
332,3,4
332,4,4
332,5,4
332,6,4
332,7,5
332,8,5
332,9,5
332,10,5
332,11,4
332,12,5
332,13,4
332,14,4
332,15,4
332,16,3
332,17,4
375,1,5
375,2,5
375,3,3
375,4,4
375,5,4
375,6,4
375,7,4
375,8,5
375,9,5
375,10,4
375,11,3
375,12,4
375,13,4
375,14,3
375,15,3
375,16,4
375,17,3
177,1,5
177,2,5
177,3,3
177,4,4
177,5,4
177,6,4
177,7,4
177,8,4
177,9,4
177,10,4
177,11,3
177,12,5
177,13,4
177,14,4
177,15,2
177,16,3
177,17,3
329,1,5
329,2,5
329,3,3
329,4,4
329,5,4
329,6,4
329,7,4
329,8,4
329,9,3
329,10,4
329,11,3
329,12,5
329,13,4
329,14,4
329,15,4
329,16,3
329,17,4
121,1,5
121,2,5
121,3,4
121,4,4
121,5,4
121,6,4
121,7,4
121,8,5
121,9,5
121,10,3
121,11,4
121,12,5
121,13,3
121,14,4
121,15,3
121,16,3
121,17,3
227,1,4
227,2,5
227,3,3
227,4,3
227,5,4
227,6,4
227,7,4
227,8,4
227,9,4
227,10,4
227,11,3
227,12,5
227,13,3
227,14,3
227,15,3
227,16,3
227,17,4
607,1,5
607,2,5
607,3,3
607,4,3
607,5,4
607,6,5
607,7,4
607,8,4
607,9,4
607,10,3
607,11,4
607,12,5
607,13,3
607,14,4
607,15,4
607,16,3
607,17,4
348,1,5
348,2,5
348,3,3
348,4,3
348,5,4
348,6,5
348,7,4
348,8,5
348,9,5
348,10,4
348,11,4
348,12,5
348,13,3
348,14,4
348,15,3
348,16,3
348,17,5
24,1,5
24,2,5
24,3,4
24,4,5
24,5,4
24,6,5
24,7,5
24,8,5
24,9,5
24,10,5
24,11,4
24,12,5
24,13,5
24,14,4
24,15,4
24,16,5
24,17,4
61,1,5
61,2,5
61,3,3
61,4,4
61,5,4
61,6,4
61,7,5
61,8,5
61,9,4
61,10,4
61,11,4
61,12,5
61,13,5
61,14,5
61,15,4
61,16,4
61,17,4
461,1,5
461,2,5
461,3,3
461,4,4
461,5,4
461,6,5
461,7,5
461,8,5
461,9,5
461,10,5
461,11,4
461,12,4
461,13,3
461,14,4
461,15,2
461,16,2
461,17,3
336,1,5
336,2,5
336,3,3
336,4,3
336,5,4
336,6,3
336,7,5
336,8,4
336,9,4
336,10,4
336,11,4
336,12,4
336,13,3
336,14,3
336,15,4
336,16,3
336,17,3
196,1,5
196,2,5
196,3,3
196,4,4
196,5,4
196,6,5
196,7,5
196,8,5
196,9,5
196,10,5
196,11,4
196,12,5
196,13,4
196,14,3
196,15,3
196,16,3
196,17,4
273,1,5
273,2,5
273,3,3
273,4,4
273,5,4
273,6,4
273,7,5
273,8,4
273,9,5
273,10,4
273,11,4
273,12,5
273,13,3
273,14,3
273,15,2
273,16,3
273,17,3
236,1,5
236,2,3
236,3,3
236,4,4
236,5,4
236,6,4
236,7,4
236,8,3
236,9,5
236,10,4
236,11,3
236,12,4
236,13,4
236,14,3
236,15,2
236,16,2
236,17,4
278,1,5
278,2,5
278,3,3
278,4,3
278,5,4
278,6,4
278,7,4
278,8,4
278,9,4
278,10,4
278,11,2
278,12,4
278,13,5
278,14,2
278,15,3
278,16,3
278,17,3
376,1,5
376,2,5
376,3,3
376,4,4
376,5,4
376,6,4
376,7,4
376,8,4
376,9,4
376,10,3
376,11,3
376,12,5
376,13,3
376,14,3
376,15,2
376,16,3
376,17,3
396,1,5
396,2,4
396,3,3
396,4,4
396,5,4
396,6,3
396,7,4
396,8,4
396,9,4
396,10,4
396,11,3
396,12,5
396,13,4
396,14,4
396,15,4
396,16,3
396,17,3
505,1,4
505,2,4
505,3,2
505,4,3
505,5,4
505,6,4
505,7,3
505,8,4
505,9,3
505,10,2
505,11,2
505,12,4
505,13,3
505,14,3
505,15,3
505,16,3
505,17,2
359,1,5
359,2,5
359,3,3
359,4,3
359,5,4
359,6,5
359,7,5
359,8,4
359,9,4
359,10,5
359,11,4
359,12,5
359,13,5
359,14,3
359,15,3
359,16,2
359,17,4
721,1,5
721,2,5
721,3,3
721,4,3
721,5,5
721,6,4
721,7,4
721,8,5
721,9,4
721,10,4
721,11,3
721,12,5
721,13,4
721,14,3
721,15,3
721,16,2
721,17,3
666,1,5
666,2,5
666,3,4
666,4,4
666,5,4
666,6,4
666,7,4
666,8,4
666,9,3
666,10,4
666,11,4
666,12,4
666,13,4
666,14,3
666,15,3
666,16,3
666,17,3
234,1,4
234,2,4
234,3,3
234,4,3
234,5,4
234,6,4
234,7,3
234,8,4
234,9,4
234,10,2
234,11,4
234,12,5
234,13,3
234,14,4
234,15,4
234,16,2
234,17,4
449,1,3
449,2,4
449,3,3
449,4,3
449,5,3
449,6,2
449,7,4
449,8,3
449,9,4
449,10,4
449,11,1
449,12,5
449,13,2
449,14,4
449,15,4
449,16,2
449,17,3
232,1,4
232,2,5
232,3,4
232,4,4
232,5,4
232,6,5
232,7,5
232,8,5
232,9,5
232,10,4
232,11,4
232,12,4
232,13,4
232,14,4
232,15,5
232,16,2
232,17,4
270,1,3
270,2,5
270,3,3
270,4,3
270,5,3
270,6,3
270,7,4
270,8,2
270,9,3
270,10,3
270,11,3
270,12,4
270,13,4
270,14,2
270,15,3
270,16,2
270,17,4
327,1,5
327,2,5
327,3,3
327,4,3
327,5,4
327,6,4
327,7,4
327,8,5
327,9,4
327,10,3
327,11,3
327,12,4
327,13,3
327,14,3
327,15,3
327,16,2
327,17,2
96,1,5
96,2,5
96,3,3
96,4,4
96,5,4
96,6,5
96,7,5
96,8,5
96,9,5
96,10,5
96,11,4
96,12,5
96,13,3
96,14,4
96,15,4
96,16,2
96,17,3
751,1,5
751,2,5
751,3,3
751,4,4
751,5,4
751,6,5
751,7,5
751,8,4
751,9,3
751,10,4
751,11,3
751,12,5
751,13,4
751,14,4
751,15,2
751,16,4
751,17,3
468,1,5
468,2,5
468,3,3
468,4,4
468,5,4
468,6,4
468,7,5
468,8,5
468,9,4
468,10,4
468,11,5
468,12,3
468,13,4
468,14,4
468,15,3
468,16,2
468,17,4
141,1,4
141,2,5
141,3,3
141,4,3
141,5,4
141,6,4
141,7,4
141,8,3
141,9,5
141,10,4
141,11,3
141,12,5
141,13,3
141,14,2
141,15,4
141,16,4
141,17,3
281,1,5
281,2,5
281,3,4
281,4,4
281,5,4
281,6,5
281,7,5
281,8,4
281,9,4
281,10,4
281,11,2
281,12,5
281,13,4
281,14,3
281,15,3
281,16,3
281,17,3
431,1,5
431,2,5
431,3,3
431,4,4
431,5,4
431,6,5
431,7,5
431,8,3
431,9,5
431,10,5
431,11,4
431,12,3
431,13,3
431,14,4
431,15,4
431,16,4
431,17,3
476,1,4
476,2,3
476,3,3
476,4,3
476,5,3
476,6,3
476,7,4
476,8,3
476,9,4
476,10,4
476,11,3
476,12,4
476,13,4
476,14,3
476,15,2
476,16,3
476,17,4
95,1,5
95,2,5
95,3,3
95,4,4
95,5,4
95,6,5
95,7,5
95,8,5
95,9,5
95,10,4
95,11,4
95,12,5
95,13,4
95,14,3
95,15,3
95,16,3
95,17,4
331,1,4
331,2,4
331,3,3
331,4,3
331,5,3
331,6,3
331,7,3
331,8,4
331,9,4
331,10,4
331,11,4
331,12,4
331,13,3
331,14,3
331,15,3
331,16,3
331,17,4
44,1,5
44,2,5
44,3,4
44,4,4
44,5,5
44,6,4
44,7,5
44,8,5
44,9,5
44,10,5
44,11,4
44,12,5
44,13,4
44,14,4
44,15,4
44,16,4
44,17,5
428,1,5
428,2,5
428,3,3
428,4,3
428,5,4
428,6,4
428,7,4
428,8,4
428,9,5
428,10,4
428,11,4
428,12,4
428,13,3
428,14,3
428,15,3
428,16,3
428,17,3
636,1,5
636,2,5
636,3,4
636,4,3
636,5,4
636,6,4
636,7,5
636,8,4
636,9,5
636,10,4
636,11,4
636,12,4
636,13,4
636,14,3
636,15,3
636,16,3
636,17,4
749,1,5
749,2,5
749,3,3
749,4,4
749,5,4
749,6,3
749,7,5
749,8,4
749,9,4
749,10,4
749,11,3
749,12,4
749,13,4
749,14,3
749,15,5
749,16,3
749,17,3
276,1,4
276,2,4
276,3,3
276,4,3
276,5,4
276,6,4
276,7,5
276,8,4
276,9,5
276,10,5
276,11,3
276,12,4
276,13,4
276,14,3
276,15,3
276,16,4
276,17,4
641,1,4
641,2,5
641,3,3
641,4,4
641,5,4
641,6,5
641,7,5
641,8,4
641,9,5
641,10,5
641,11,3
641,12,3
641,13,4
641,14,2
641,15,3
641,16,2
641,17,3
487,1,5
487,2,5
487,3,3
487,4,3
487,5,4
487,6,3
487,7,4
487,8,5
487,9,5
487,10,3
487,11,3
487,12,4
487,13,4
487,14,4
487,15,3
487,16,3
487,17,3
4,1,5
4,2,4
4,3,4
4,4,3
4,5,4
4,6,5
4,7,5
4,8,4
4,9,5
4,10,5
4,11,4
4,12,4
4,13,5
4,14,5
4,15,5
4,16,4
4,17,5
337,1,3
337,2,4
337,3,3
337,4,3
337,5,4
337,6,4
337,7,3
337,8,4
337,9,4
337,10,3
337,11,3
337,12,4
337,13,4
337,14,3
337,15,3
337,16,1
337,17,4
175,1,5
175,2,4
175,3,3
175,4,3
175,5,4
175,6,3
175,7,4
175,8,4
175,9,4
175,10,2
175,11,3
175,12,5
175,13,3
175,14,4
175,15,3
175,16,2
175,17,3
658,1,4
658,2,5
658,3,4
658,4,3
658,5,4
658,6,5
658,7,4
658,8,4
658,9,5
658,10,5
658,11,4
658,12,5
658,13,4
658,14,3
658,15,2
658,16,3
658,17,4
208,1,5
208,2,5
208,3,4
208,4,4
208,5,4
208,6,3
208,7,5
208,8,4
208,9,5
208,10,5
208,11,4
208,12,5
208,13,4
208,14,3
208,15,5
208,16,2
208,17,5
352,1,5
352,2,4
352,3,3
352,4,3
352,5,4
352,6,3
352,7,4
352,8,3
352,9,5
352,10,3
352,11,3
352,12,4
352,13,4
352,14,4
352,15,3
352,16,4
352,17,3
693,1,5
693,2,5
693,3,3
693,4,4
693,5,4
693,6,4
693,7,5
693,8,4
693,9,5
693,10,5
693,11,4
693,12,4
693,13,3
693,14,5
693,15,4
693,16,2
693,17,4
690,1,4
690,2,4
690,3,3
690,4,3
690,5,4
690,6,4
690,7,3
690,8,4
690,9,4
690,10,4
690,11,3
690,12,5
690,13,2
690,14,3
690,15,3
690,16,4
690,17,3
724,1,4
724,2,5
724,3,3
724,4,3
724,5,4
724,6,3
724,7,3
724,8,4
724,9,4
724,10,2
724,11,3
724,12,4
724,13,3
724,14,3
724,15,3
724,16,4
724,17,4
266,1,4
266,2,4
266,3,3
266,4,3
266,5,3
266,6,4
266,7,4
266,8,3
266,9,4
266,10,3
266,11,4
266,12,4
266,13,3
266,14,4
266,15,3
266,16,3
266,17,4
631,1,5
631,2,5
631,3,3
631,4,3
631,5,4
631,6,4
631,7,4
631,8,5
631,9,5
631,10,4
631,11,4
631,12,4
631,13,4
631,14,3
631,15,2
631,16,3
631,17,2
165,1,5
165,2,5
165,3,3
165,4,3
165,5,4
165,6,4
165,7,4
165,8,3
165,9,5
165,10,5
165,11,3
165,12,4
165,13,4
165,14,3
165,15,3
165,16,3
165,17,4
436,1,5
436,2,5
436,3,3
436,4,4
436,5,4
436,6,4
436,7,4
436,8,5
436,9,5
436,10,4
436,11,4
436,12,4
436,13,3
436,14,3
436,15,2
436,16,2
436,17,3
442,1,5
442,2,5
442,3,3
442,4,4
442,5,4
442,6,3
442,7,5
442,8,5
442,9,5
442,10,3
442,11,4
442,12,4
442,13,3
442,14,2
442,15,4
442,16,3
442,17,3
568,1,4
568,2,3
568,3,3
568,4,3
568,5,3
568,6,3
568,7,3
568,8,4
568,9,4
568,10,3
568,11,2
568,12,5
568,13,3
568,14,3
568,15,3
568,16,3
568,17,4
289,1,5
289,2,3
289,3,2
289,4,3
289,5,3
289,6,4
289,7,4
289,8,4
289,9,4
289,10,4
289,11,3
289,12,5
289,13,4
289,14,3
289,15,2
289,16,4
289,17,3
757,1,5
757,2,5
757,3,4
757,4,4
757,5,4
757,6,5
757,7,4
757,8,4
757,9,4
757,10,5
757,11,4
757,12,5
757,13,3
757,14,3
757,15,2
757,16,3
757,17,4
162,1,5
162,2,5
162,3,3
162,4,4
162,5,4
162,6,5
162,7,5
162,8,4
162,9,5
162,10,5
162,11,5
162,12,4
162,13,4
162,14,4
162,15,3
162,16,2
162,17,3
89,1,5
89,2,5
89,3,4
89,4,4
89,5,5
89,6,5
89,7,5
89,8,5
89,9,5
89,10,4
89,11,4
89,12,5
89,13,4
89,14,5
89,15,3
89,16,4
89,17,5
715,1,5
715,2,5
715,3,3
715,4,4
715,5,4
715,6,5
715,7,5
715,8,5
715,9,5
715,10,4
715,11,4
715,12,4
715,13,4
715,14,3
715,15,3
715,16,3
715,17,3
627,1,5
627,2,5
627,3,3
627,4,3
627,5,4
627,6,4
627,7,5
627,8,5
627,9,4
627,10,4
627,11,3
627,12,3
627,13,4
627,14,4
627,15,3
627,16,3
627,17,4
603,1,5
603,2,5
603,3,4
603,4,4
603,5,4
603,6,4
603,7,5
603,8,4
603,9,4
603,10,4
603,11,2
603,12,4
603,13,3
603,14,4
603,15,3
603,16,1
603,17,3
132,1,5
132,2,5
132,3,4
132,4,4
132,5,4
132,6,5
132,7,3
132,8,5
132,9,5
132,10,5
132,11,5
132,12,5
132,13,4
132,14,3
132,15,4
132,16,4
132,17,5
498,1,5
498,2,5
498,3,4
498,4,4
498,5,4
498,6,5
498,7,5
498,8,4
498,9,4
498,10,4
498,11,3
498,12,4
498,13,2
498,14,4
498,15,3
498,16,3
498,17,4
573,1,4
573,2,5
573,3,3
573,4,4
573,5,4
573,6,3
573,7,4
573,8,4
573,9,3
573,10,3
573,11,3
573,12,4
573,13,4
573,14,3
573,15,3
573,16,3
573,17,2
218,1,4
218,2,5
218,3,3
218,4,3
218,5,4
218,6,5
218,7,5
218,8,4
218,9,5
218,10,4
218,11,3
218,12,5
218,13,3
218,14,3
218,15,3
218,16,4
218,17,4
624,1,5
624,2,5
624,3,3
624,4,3
624,5,4
624,6,4
624,7,3
624,8,4
624,9,5
624,10,2
624,11,3
624,12,4
624,13,4
624,14,3
624,15,3
624,16,3
624,17,4
545,1,4
545,2,3
545,3,2
545,4,3
545,5,4
545,6,4
545,7,3
545,8,2
545,9,5
545,10,4
545,11,4
545,12,3
545,13,3
545,14,3
545,15,3
545,16,3
545,17,3
188,1,4
188,2,5
188,3,3
188,4,3
188,5,4
188,6,3
188,7,3
188,8,5
188,9,4
188,10,3
188,11,2
188,12,5
188,13,3
188,14,3
188,15,3
188,16,3
188,17,3
720,1,5
720,2,5
720,3,3
720,4,4
720,5,4
720,6,3
720,7,5
720,8,5
720,9,4
720,10,4
720,11,4
720,12,4
720,13,4
720,14,4
720,15,3
720,16,4
720,17,4
313,1,3
313,2,4
313,3,3
313,4,3
313,5,3
313,6,1
313,7,2
313,8,2
313,9,4
313,10,4
313,11,1
313,12,4
313,13,4
313,14,3
313,15,3
313,16,2
313,17,5
726,1,5
726,2,5
726,3,4
726,4,4
726,5,5
726,6,5
726,7,5
726,8,3
726,9,4
726,10,4
726,11,4
726,12,4
726,13,4
726,14,4
726,15,3
726,16,3
726,17,4
107,1,5
107,2,4
107,3,3
107,4,4
107,5,4
107,6,4
107,7,4
107,8,4
107,9,5
107,10,3
107,11,4
107,12,5
107,13,5
107,14,3
107,15,4
107,16,4
107,17,3
66,1,5
66,2,5
66,3,3
66,4,4
66,5,4
66,6,4
66,7,5
66,8,4
66,9,5
66,10,5
66,11,3
66,12,5
66,13,4
66,14,4
66,15,4
66,16,3
66,17,4
495,1,4
495,2,3
495,3,2
495,4,3
495,5,3
495,6,4
495,7,3
495,8,2
495,9,5
495,10,3
495,11,3
495,12,5
495,13,3
495,14,4
495,15,2
495,16,3
495,17,3
169,1,5
169,2,5
169,3,3
169,4,3
169,5,4
169,6,4
169,7,5
169,8,4
169,9,5
169,10,4
169,11,4
169,12,4
169,13,3
169,14,4
169,15,4
169,16,2
169,17,5
135,1,4
135,2,4
135,3,3
135,4,3
135,5,3
135,6,3
135,7,3
135,8,4
135,9,3
135,10,4
135,11,3
135,12,4
135,13,5
135,14,4
135,15,4
135,16,3
135,17,3
108,1,5
108,2,5
108,3,3
108,4,4
108,5,4
108,6,4
108,7,5
108,8,4
108,9,4
108,10,3
108,11,4
108,12,5
108,13,5
108,14,4
108,15,4
108,16,4
108,17,4
713,1,4
713,2,4
713,3,3
713,4,3
713,5,4
713,6,3
713,7,5
713,8,2
713,9,4
713,10,3
713,11,2
713,12,4
713,13,3
713,14,3
713,15,4
713,16,3
713,17,4
27,1,4
27,2,5
27,3,4
27,4,4
27,5,4
27,6,4
27,7,5
27,8,5
27,9,5
27,10,3
27,11,4
27,12,5
27,13,4
27,14,4
27,15,5
27,16,4
27,17,5
194,1,4
194,2,5
194,3,4
194,4,4
194,5,4
194,6,4
194,7,5
194,8,4
194,9,5
194,10,4
194,11,3
194,12,5
194,13,4
194,14,3
194,15,3
194,16,3
194,17,4
741,1,5
741,2,5
741,3,3
741,4,3
741,5,4
741,6,4
741,7,4
741,8,4
741,9,4
741,10,4
741,11,4
741,12,4
741,13,5
741,14,4
741,15,2
741,16,3
741,17,3
369,1,5
369,2,4
369,3,3
369,4,3
369,5,4
369,6,4
369,7,4
369,8,5
369,9,4
369,10,3
369,11,4
369,12,4
369,13,5
369,14,3
369,15,3
369,16,4
369,17,3
57,1,5
57,2,5
57,3,4
57,4,3
57,5,4
57,6,4
57,7,5
57,8,4
57,9,5
57,10,4
57,11,4
57,12,5
57,13,5
57,14,5
57,15,5
57,16,4
57,17,5
473,1,4
473,2,4
473,3,3
473,4,3
473,5,4
473,6,4
473,7,3
473,8,3
473,9,4
473,10,4
473,11,3
473,12,5
473,13,3
473,14,2
473,15,3
473,16,2
473,17,4
483,1,4
483,2,5
483,3,2
483,4,3
483,5,3
483,6,2
483,7,3
483,8,4
483,9,4
483,10,3
483,11,2
483,12,5
483,13,3
483,14,3
483,15,4
483,16,3
483,17,3
123,1,5
123,2,5
123,3,4
123,4,4
123,5,5
123,6,5
123,7,5
123,8,4
123,9,5
123,10,5
123,11,5
123,12,5
123,13,4
123,14,4
123,15,4
123,16,3
123,17,3
760,1,5
760,2,4
760,3,3
760,4,3
760,5,4
760,6,3
760,7,4
760,8,4
760,9,3
760,10,3
760,11,3
760,12,4
760,13,5
760,14,3
760,15,3
760,16,4
760,17,2
41,1,5
41,2,5
41,3,4
41,4,4
41,5,5
41,6,5
41,7,5
41,8,5
41,9,5
41,10,5
41,11,5
41,12,5
41,13,5
41,14,4
41,15,4
41,16,4
41,17,3
513,1,4
513,2,3
513,3,3
513,4,4
513,5,4
513,6,4
513,7,4
513,8,4
513,9,5
513,10,3
513,11,3
513,12,5
513,13,3
513,14,3
513,15,3
513,16,3
513,17,3
115,1,5
115,2,5
115,3,3
115,4,4
115,5,5
115,6,5
115,7,5
115,8,5
115,9,5
115,10,5
115,11,4
115,12,5
115,13,5
115,14,4
115,15,4
115,16,4
115,17,4
604,1,4
604,2,5
604,3,3
604,4,4
604,5,4
604,6,5
604,7,4
604,8,5
604,9,5
604,10,4
604,11,3
604,12,5
604,13,5
604,14,3
604,15,5
604,16,3
604,17,3