employee_id,question_id,answer,score
343,1,4,0.8
343,2,4,0.8
343,3,3,0.6
343,4,3,0.6
343,5,3,0.6
343,6,3,0.6
343,7,4,0.8
343,8,4,0.8
343,9,4,0.8
343,10,4,0.8
343,11,3,0.6
343,12,4,0.8
343,13,5,1.0
343,14,3,0.6
343,15,4,0.8
343,16,2,0.4
343,17,4,0.8
203,1,4,0.8
203,2,5,1.0
203,3,3,0.6
203,4,4,0.8
203,5,4,0.8
203,6,4,0.8
203,7,5,1.0
203,8,4,0.8
203,9,5,1.0
203,10,5,1.0
203,11,4,0.8
203,12,5,1.0
203,13,4,0.8
203,14,3,0.6
203,15,4,0.8
203,16,5,1.0
203,17,5,1.0
11,1,5,1.0
11,2,5,1.0
11,3,3,0.6
11,4,4,0.8
11,5,4,0.8
11,6,5,1.0
11,7,5,1.0
11,8,5,1.0
11,9,5,1.0
11,10,5,1.0
11,11,5,1.0
11,12,5,1.0
11,13,4,0.8
11,14,5,1.0
11,15,4,0.8
11,16,4,0.8
11,17,5,1.0
707,1,4,0.8
707,2,5,1.0
707,3,3,0.6
707,4,3,0.6
707,5,4,0.8
707,6,3,0.6
707,7,2,0.4
707,8,2,0.4
707,9,4,0.8
707,10,3,0.6
707,11,3,0.6
707,12,3,0.6
707,13,4,0.8
707,14,4,0.8
707,15,5,1.0
707,16,3,0.6
707,17,4,0.8
417,1,5,1.0
417,2,5,1.0
417,3,3,0.6
417,4,4,0.8
417,5,3,0.6
417,6,4,0.8
417,7,5,1.0
417,8,4,0.8
417,9,5,1.0
417,10,3,0.6
417,11,3,0.6
417,12,5,1.0
417,13,5,1.0
417,14,4,0.8
417,15,3,0.6
417,16,3,0.6
417,17,2,0.4
484,1,5,1.0
484,2,4,0.8
484,3,3,0.6
484,4,3,0.6
484,5,4,0.8
484,6,4,0.8
484,7,4,0.8
484,8,4,0.8
484,9,4,0.8
484,10,4,0.8
484,11,4,0.8
484,12,4,0.8
484,13,3,0.6
484,14,3,0.6
484,15,4,0.8
484,16,2,0.4
484,17,5,1.0
18,1,5,1.0
18,2,5,1.0
18,3,4,0.8
18,4,4,0.8
18,5,4,0.8
18,6,5,1.0
18,7,5,1.0
18,8,5,1.0
18,9,5,1.0
18,10,5,1.0
18,11,5,1.0
18,12,5,1.0
18,13,5,1.0
18,14,5,1.0
18,15,4,0.8
18,16,4,0.8
18,17,5,1.0
737,1,4,0.8
737,2,4,0.8
737,3,3,0.6
737,4,3,0.6
737,5,3,0.6
737,6,3,0.6
737,7,3,0.6
737,8,3,0.6
737,9,3,0.6
737,10,3,0.6
737,11,2,0.4
737,12,4,0.8
737,13,3,0.6
737,14,3,0.6
737,15,5,1.0
737,16,2,0.4
737,17,3,0.6
736,1,5,1.0
736,2,5,1.0
736,3,3,0.6
736,4,3,0.6
736,5,4,0.8
736,6,5,1.0
736,7,5,1.0
736,8,4,0.8
736,9,5,1.0
736,10,4,0.8
736,11,3,0.6
736,12,4,0.8
736,13,3,0.6
736,14,3,0.6
736,15,4,0.8
736,16,1,0.2
736,17,4,0.8
696,1,4,0.8
696,2,4,0.8
696,3,3,0.6
696,4,3,0.6
696,5,3,0.6
696,6,3,0.6
696,7,4,0.8
696,8,5,1.0
696,9,3,0.6
696,10,4,0.8
696,11,3,0.6
696,12,4,0.8
696,13,3,0.6
696,14,4,0.8
696,15,3,0.6
696,16,3,0.6
696,17,4,0.8
70,1,5,1.0
70,2,5,1.0
70,3,3,0.6
70,4,3,0.6
70,5,4,0.8
70,6,5,1.0
70,7,5,1.0
70,8,4,0.8
70,9,5,1.0
70,10,5,1.0
70,11,4,0.8
70,12,5,1.0
70,13,4,0.8
70,14,4,0.8
70,15,4,0.8
70,16,5,1.0
70,17,4,0.8
508,1,4,0.8
508,2,5,1.0
508,3,3,0.6
508,4,3,0.6
508,5,4,0.8
508,6,3,0.6
508,7,5,1.0
508,8,4,0.8
508,9,3,0.6
508,10,4,0.8
508,11,2,0.4
508,12,3,0.6
508,13,4,0.8
508,14,3,0.6
508,15,4,0.8
508,16,2,0.4
508,17,3,0.6
82,1,5,1.0
82,2,5,1.0
82,3,3,0.6
82,4,4,0.8
82,5,4,0.8
82,6,5,1.0
82,7,5,1.0
82,8,5,1.0
82,9,5,1.0
82,10,3,0.6
82,11,3,0.6
82,12,5,1.0
82,13,4,0.8
82,14,4,0.8
82,15,4,0.8
82,16,4,0.8
82,17,5,1.0
388,1,5,1.0
388,2,4,0.8
388,3,3,0.6
388,4,4,0.8
388,5,4,0.8
388,6,4,0.8
388,7,5,1.0
388,8,4,0.8
388,9,5,1.0
388,10,4,0.8
388,11,4,0.8
388,12,4,0.8
388,13,3,0.6
388,14,3,0.6
388,15,3,0.6
388,16,3,0.6
388,17,4,0.8
225,1,4,0.8
225,2,5,1.0
225,3,3,0.6
225,4,4,0.8
225,5,4,0.8
225,6,4,0.8
225,7,5,1.0
225,8,5,1.0
225,9,5,1.0
225,10,4,0.8
225,11,3,0.6
225,12,5,1.0
225,13,5,1.0
225,14,3,0.6
225,15,3,0.6
225,16,3,0.6
225,17,3,0.6
45,1,5,1.0
45,2,5,1.0
45,3,4,0.8
45,4,4,0.8
45,5,4,0.8
45,6,4,0.8
45,7,4,0.8
45,8,4,0.8
45,9,5,1.0
45,10,4,0.8
45,11,5,1.0
45,12,5,1.0
45,13,5,1.0
45,14,4,0.8
45,15,5,1.0
45,16,3,0.6
45,17,5,1.0
260,1,5,1.0
260,2,5,1.0
260,3,3,0.6
260,4,3,0.6
260,5,4,0.8
260,6,4,0.8
260,7,5,1.0
260,8,5,1.0
260,9,5,1.0
260,10,5,1.0
260,11,3,0.6
260,12,5,1.0
260,13,4,0.8
260,14,3,0.6
260,15,4,0.8
260,16,4,0.8
260,17,3,0.6
454,1,3,0.6
454,2,5,1.0
454,3,3,0.6
454,4,3,0.6
454,5,4,0.8
454,6,3,0.6
454,7,3,0.6
454,8,3,0.6
454,9,3,0.6
454,10,3,0.6
454,11,3,0.6
454,12,5,1.0
454,13,3,0.6
454,14,3,0.6
454,15,3,0.6
454,16,1,0.2
454,17,2,0.4
68,1,5,1.0
68,2,5,1.0
68,3,4,0.8
68,4,4,0.8
68,5,4,0.8
68,6,4,0.8
68,7,5,1.0
68,8,4,0.8
68,9,5,1.0
68,10,4,0.8
68,11,3,0.6
68,12,5,1.0
68,13,4,0.8
68,14,4,0.8
68,15,4,0.8
68,16,5,1.0
68,17,4,0.8
14,1,5,1.0
14,2,5,1.0
14,3,3,0.6
14,4,3,0.6
14,5,4,0.8
14,6,5,1.0
14,7,5,1.0
14,8,4,0.8
14,9,5,1.0
14,10,5,1.0
14,11,5,1.0
14,12,5,1.0
14,13,4,0.8
14,14,4,0.8
14,15,3,0.6
14,16,3,0.6
14,17,5,1.0
326,1,4,0.8
326,2,5,1.0
326,3,3,0.6
326,4,4,0.8
326,5,4,0.8
326,6,4,0.8
326,7,5,1.0
326,8,4,0.8
326,9,4,0.8
326,10,4,0.8
326,11,4,0.8
326,12,4,0.8
326,13,3,0.6
326,14,4,0.8
326,15,3,0.6
326,16,3,0.6
326,17,4,0.8
149,1,5,1.0
149,2,5,1.0
149,3,3,0.6
149,4,4,0.8
149,5,4,0.8
149,6,5,1.0
149,7,5,1.0
149,8,5,1.0
149,9,4,0.8
149,10,5,1.0
149,11,4,0.8
149,12,5,1.0
149,13,4,0.8
149,14,4,0.8
149,15,3,0.6
149,16,3,0.6
149,17,4,0.8
465,1,5,1.0
465,2,5,1.0
465,3,3,0.6
465,4,3,0.6
465,5,4,0.8
465,6,5,1.0
465,7,4,0.8
465,8,5,1.0
465,9,4,0.8
465,10,4,0.8
465,11,3,0.6
465,12,4,0.8
465,13,3,0.6
465,14,3,0.6
465,15,5,1.0
465,16,3,0.6
465,17,3,0.6
580,1,5,1.0
580,2,5,1.0
580,3,3,0.6
580,4,3,0.6
580,5,4,0.8
580,6,4,0.8
580,7,4,0.8
580,8,4,0.8
580,9,5,1.0
580,10,5,1.0
580,11,4,0.8
580,12,4,0.8
580,13,4,0.8
580,14,4,0.8
580,15,3,0.6
580,16,4,0.8
580,17,3,0.6
366,1,5,1.0
366,2,5,1.0
366,3,3,0.6
366,4,4,0.8
366,5,4,0.8
366,6,4,0.8
366,7,5,1.0
366,8,4,0.8
366,9,5,1.0
366,10,4,0.8
366,11,3,0.6
366,12,5,1.0
366,13,3,0.6
366,14,4,0.8
366,15,3,0.6
366,16,3,0.6
366,17,4,0.8
455,1,5,1.0
455,2,4,0.8
455,3,3,0.6
455,4,3,0.6
455,5,4,0.8
455,6,3,0.6
455,7,5,1.0
455,8,5,1.0
455,9,4,0.8
455,10,4,0.8
455,11,2,0.4
455,12,4,0.8
455,13,4,0.8
455,14,4,0.8
455,15,3,0.6
455,16,3,0.6
455,17,4,0.8
445,1,5,1.0
445,2,5,1.0
445,3,3,0.6
445,4,4,0.8
445,5,4,0.8
445,6,4,0.8
445,7,5,1.0
445,8,4,0.8
445,9,5,1.0
445,10,4,0.8
445,11,3,0.6
445,12,4,0.8
445,13,4,0.8
445,14,4,0.8
445,15,4,0.8
445,16,2,0.4
445,17,2,0.4
206,1,5,1.0
206,2,4,0.8
206,3,3,0.6
206,4,4,0.8
206,5,4,0.8
206,6,4,0.8
206,7,3,0.6
206,8,4,0.8
206,9,5,1.0
206,10,3,0.6
206,11,3,0.6
206,12,4,0.8
206,13,5,1.0
206,14,4,0.8
206,15,3,0.6
206,16,4,0.8
206,17,4,0.8
288,1,5,1.0
288,2,5,1.0
288,3,4,0.8
288,4,4,0.8
288,5,4,0.8
288,6,5,1.0
288,7,4,0.8
288,8,4,0.8
288,9,4,0.8
288,10,4,0.8
288,11,4,0.8
288,12,5,1.0
288,13,4,0.8
288,14,4,0.8
288,15,2,0.4
288,16,3,0.6
288,17,3,0.6
583,1,5,1.0
583,2,5,1.0
583,3,3,0.6
583,4,4,0.8
583,5,4,0.8
583,6,5,1.0
583,7,5,1.0
583,8,5,1.0
583,9,5,1.0
583,10,4,0.8
583,11,3,0.6
583,12,4,0.8
583,13,3,0.6
583,14,3,0.6
583,15,4,0.8
583,16,3,0.6
583,17,4,0.8
419,1,5,1.0
419,2,5,1.0
419,3,4,0.8
419,4,4,0.8
419,5,4,0.8
419,6,5,1.0
419,7,4,0.8
419,8,4,0.8
419,9,5,1.0
419,10,4,0.8
419,11,3,0.6
419,12,4,0.8
419,13,4,0.8
419,14,2,0.4
419,15,3,0.6
419,16,4,0.8
419,17,3,0.6
482,1,4,0.8
482,2,5,1.0
482,3,3,0.6
482,4,3,0.6
482,5,3,0.6
482,6,4,0.8
482,7,3,0.6
482,8,4,0.8
482,9,4,0.8
482,10,4,0.8
482,11,3,0.6
482,12,3,0.6
482,13,3,0.6
482,14,3,0.6
482,15,4,0.8
482,16,4,0.8
482,17,3,0.6
210,1,5,1.0
210,2,5,1.0
210,3,3,0.6
210,4,3,0.6
210,5,4,0.8
210,6,4,0.8
210,7,3,0.6
210,8,4,0.8
210,9,5,1.0
210,10,4,0.8
210,11,2,0.4
210,12,5,1.0
210,13,4,0.8
210,14,4,0.8
210,15,3,0.6
210,16,3,0.6
210,17,3,0.6
246,1,5,1.0
246,2,5,1.0
246,3,3,0.6
246,4,4,0.8
246,5,4,0.8
246,6,5,1.0
246,7,5,1.0
246,8,5,1.0
246,9,5,1.0
246,10,5,1.0
246,11,5,1.0
246,12,5,1.0
246,13,3,0.6
246,14,3,0.6
246,15,3,0.6
246,16,3,0.6
246,17,4,0.8
730,1,4,0.8
730,2,5,1.0
730,3,2,0.4
730,4,3,0.6
730,5,4,0.8
730,6,3,0.6
730,7,4,0.8
730,8,3,0.6
730,9,4,0.8
730,10,3,0.6
730,11,4,0.8
730,12,3,0.6
730,13,3,0.6
730,14,4,0.8
730,15,5,1.0
730,16,4,0.8
730,17,4,0.8
735,1,5,1.0
735,2,5,1.0
735,3,3,0.6
735,4,4,0.8
735,5,4,0.8
735,6,5,1.0
735,7,5,1.0
735,8,4,0.8
735,9,4,0.8
735,10,4,0.8
735,11,4,0.8
735,12,3,0.6
735,13,4,0.8
735,14,3,0.6
735,15,2,0.4
735,16,3,0.6
735,17,2,0.4
109,1,5,1.0
109,2,5,1.0
109,3,3,0.6
109,4,3,0.6
109,5,4,0.8
109,6,4,0.8
109,7,4,0.8
109,8,5,1.0
109,9,5,1.0
109,10,3,0.6
109,11,3,0.6
109,12,5,1.0
109,13,4,0.8
109,14,4,0.8
109,15,4,0.8
109,16,5,1.0
109,17,3,0.6
578,1,5,1.0
578,2,5,1.0
578,3,3,0.6
578,4,4,0.8
578,5,4,0.8
578,6,5,1.0
578,7,4,0.8
578,8,4,0.8
578,9,4,0.8
578,10,5,1.0
578,11,3,0.6
578,12,4,0.8
578,13,2,0.4
578,14,3,0.6
578,15,4,0.8
578,16,2,0.4
578,17,4,0.8
125,1,5,1.0
125,2,5,1.0
125,3,3,0.6
125,4,3,0.6
125,5,4,0.8
125,6,4,0.8
125,7,5,1.0
125,8,4,0.8
125,9,5,1.0
125,10,4,0.8
125,11,3,0.6
125,12,4,0.8
125,13,4,0.8
125,14,3,0.6
125,15,4,0.8
125,16,3,0.6
125,17,4,0.8
528,1,4,0.8
528,2,4,0.8
528,3,3,0.6
528,4,4,0.8
528,5,4,0.8
528,6,4,0.8
528,7,3,0.6
528,8,4,0.8
528,9,4,0.8
528,10,3,0.6
528,11,4,0.8
528,12,5,1.0
528,13,4,0.8
528,14,3,0.6
528,15,3,0.6
528,16,3,0.6
528,17,4,0.8
594,1,5,1.0
594,2,4,0.8
594,3,3,0.6
594,4,3,0.6
594,5,4,0.8
594,6,4,0.8
594,7,4,0.8
594,8,5,1.0
594,9,5,1.0
594,10,4,0.8
594,11,4,0.8
594,12,4,0.8
594,13,3,0.6
594,14,3,0.6
594,15,3,0.6
594,16,4,0.8
594,17,3,0.6
600,1,4,0.8
600,2,5,1.0
600,3,3,0.6
600,4,3,0.6
600,5,3,0.6
600,6,4,0.8
600,7,4,0.8
600,8,4,0.8
600,9,4,0.8
600,10,2,0.4
600,11,2,0.4
600,12,3,0.6
600,13,4,0.8
600,14,4,0.8
600,15,4,0.8
600,16,4,0.8
600,17,4,0.8
685,1,5,1.0
685,2,4,0.8
685,3,3,0.6
685,4,3,0.6
685,5,4,0.8
685,6,4,0.8
685,7,4,0.8
685,8,4,0.8
685,9,4,0.8
685,10,3,0.6
685,11,3,0.6
685,12,4,0.8
685,13,4,0.8
685,14,4,0.8
685,15,3,0.6
685,16,3,0.6
685,17,4,0.8
316,1,4,0.8
316,2,4,0.8
316,3,3,0.6
316,4,3,0.6
316,5,4,0.8
316,6,3,0.6
316,7,4,0.8
316,8,3,0.6
316,9,2,0.4
316,10,3,0.6
316,11,3,0.6
316,12,4,0.8
316,13,4,0.8
316,14,3,0.6
316,15,2,0.4
316,16,2,0.4
316,17,3,0.6
105,1,4,0.8
105,2,3,0.6
105,3,3,0.6
105,4,3,0.6
105,5,3,0.6
105,6,4,0.8
105,7,3,0.6
105,8,5,1.0
105,9,4,0.8
105,10,3,0.6
105,11,3,0.6
105,12,5,1.0
105,13,4,0.8
105,14,5,1.0
105,15,3,0.6
105,16,4,0.8
105,17,4,0.8
470,1,4,0.8
470,2,5,1.0
470,3,3,0.6
470,4,4,0.8
470,5,4,0.8
470,6,5,1.0
470,7,4,0.8
470,8,4,0.8
470,9,4,0.8
470,10,4,0.8
470,11,3,0.6
470,12,3,0.6
470,13,4,0.8
470,14,3,0.6
470,15,4,0.8
470,16,2,0.4
470,17,4,0.8
154,1,4,0.8
154,2,4,0.8
154,3,3,0.6
154,4,3,0.6
154,5,3,0.6
154,6,3,0.6
154,7,4,0.8
154,8,3,0.6
154,9,5,1.0
154,10,4,0.8
154,11,2,0.4
154,12,4,0.8
154,13,4,0.8
154,14,3,0.6
154,15,4,0.8
154,16,4,0.8
154,17,3,0.6
335,1,4,0.8
335,2,4,0.8
335,3,3,0.6
335,4,3,0.6
335,5,4,0.8
335,6,3,0.6
335,7,3,0.6
335,8,5,1.0
335,9,4,0.8
335,10,3,0.6
335,11,2,0.4
335,12,5,1.0
335,13,4,0.8
335,14,4,0.8
335,15,4,0.8
335,16,3,0.6
335,17,3,0.6
593,1,3,0.6
593,2,4,0.8
593,3,3,0.6
593,4,3,0.6
593,5,4,0.8
593,6,3,0.6
593,7,4,0.8
593,8,4,0.8
593,9,4,0.8
593,10,3,0.6
593,11,1,0.2
593,12,5,1.0
593,13,3,0.6
593,14,3,0.6
593,15,4,0.8
593,16,3,0.6
593,17,3,0.6
304,1,5,1.0
304,2,4,0.8
304,3,3,0.6
304,4,3,0.6
304,5,4,0.8
304,6,4,0.8
304,7,5,1.0
304,8,4,0.8
304,9,4,0.8
304,10,4,0.8
304,11,3,0.6
304,12,4,0.8
304,13,4,0.8
304,14,4,0.8
304,15,4,0.8
304,16,2,0.4
304,17,4,0.8
588,1,5,1.0
588,2,5,1.0
588,3,3,0.6
588,4,3,0.6
588,5,4,0.8
588,6,5,1.0
588,7,4,0.8
588,8,4,0.8
588,9,5,1.0
588,10,5,1.0
588,11,3,0.6
588,12,5,1.0
588,13,3,0.6
588,14,5,1.0
588,15,2,0.4
588,16,1,0.2
588,17,2,0.4
373,1,4,0.8
373,2,5,1.0
373,3,3,0.6
373,4,4,0.8
373,5,4,0.8
373,6,3,0.6
373,7,4,0.8
373,8,4,0.8
373,9,4,0.8
373,10,4,0.8
373,11,3,0.6
373,12,4,0.8
373,13,3,0.6
373,14,4,0.8
373,15,4,0.8
373,16,3,0.6
373,17,3,0.6
144,1,5,1.0
144,2,5,1.0
144,3,3,0.6
144,4,3,0.6
144,5,4,0.8
144,6,5,1.0
144,7,5,1.0
144,8,5,1.0
144,9,4,0.8
144,10,5,1.0
144,11,4,0.8
144,12,4,0.8
144,13,4,0.8
144,14,3,0.6
144,15,3,0.6
144,16,2,0.4
144,17,2,0.4
199,1,5,1.0
199,2,5,1.0
199,3,3,0.6
199,4,4,0.8
199,5,4,0.8
199,6,4,0.8
199,7,4,0.8
199,8,3,0.6
199,9,4,0.8
199,10,4,0.8
199,11,4,0.8
199,12,5,1.0
199,13,5,1.0
199,14,4,0.8
199,15,3,0.6
199,16,3,0.6
199,17,4,0.8
710,1,4,0.8
710,2,3,0.6
710,3,3,0.6
710,4,3,0.6
710,5,4,0.8
710,6,2,0.4
710,7,3,0.6
710,8,3,0.6
710,9,4,0.8
710,10,2,0.4
710,11,1,0.2
710,12,4,0.8
710,13,3,0.6
710,14,4,0.8
710,15,4,0.8
710,16,2,0.4
710,17,3,0.6
702,1,4,0.8
702,2,4,0.8
702,3,3,0.6
702,4,3,0.6
702,5,3,0.6
702,6,3,0.6
702,7,3,0.6
702,8,3,0.6
702,9,2,0.4
702,10,4,0.8
702,11,3,0.6
702,12,4,0.8
702,13,3,0.6
702,14,3,0.6
702,15,3,0.6
702,16,2,0.4
702,17,4,0.8
669,1,5,1.0
669,2,5,1.0
669,3,4,0.8
669,4,4,0.8
669,5,4,0.8
669,6,4,0.8
669,7,5,1.0
669,8,5,1.0
669,9,4,0.8
669,10,4,0.8
669,11,4,0.8
669,12,5,1.0
669,13,4,0.8
669,14,3,0.6
669,15,3,0.6
669,16,3,0.6
669,17,4,0.8
533,1,4,0.8
533,2,4,0.8
533,3,3,0.6
533,4,3,0.6
533,5,4,0.8
533,6,3,0.6
533,7,4,0.8
533,8,4,0.8
533,9,5,1.0
533,10,2,0.4
533,11,2,0.4
533,12,5,1.0
533,13,4,0.8
533,14,3,0.6
533,15,3,0.6
533,16,3,0.6
533,17,3,0.6
398,1,5,1.0
398,2,5,1.0
398,3,3,0.6
398,4,3,0.6
398,5,4,0.8
398,6,5,1.0
398,7,5,1.0
398,8,4,0.8
398,9,4,0.8
398,10,3,0.6
398,11,4,0.8
398,12,4,0.8
398,13,4,0.8
398,14,3,0.6
398,15,3,0.6
398,16,3,0.6
398,17,3,0.6
452,1,4,0.8
452,2,4,0.8
452,3,3,0.6
452,4,3,0.6
452,5,3,0.6
452,6,3,0.6
452,7,3,0.6
452,8,4,0.8
452,9,4,0.8
452,10,3,0.6
452,11,3,0.6
452,12,5,1.0
452,13,3,0.6
452,14,3,0.6
452,15,4,0.8
452,16,3,0.6
452,17,3,0.6
540,1,5,1.0
540,2,5,1.0
540,3,3,0.6
540,4,3,0.6
540,5,4,0.8
540,6,5,1.0
540,7,5,1.0
540,8,4,0.8
540,9,5,1.0
540,10,3,0.6
540,11,3,0.6
540,12,5,1.0
540,13,5,1.0
540,14,4,0.8
540,15,2,0.4
540,16,3,0.6
540,17,3,0.6
255,1,5,1.0
255,2,5,1.0
255,3,3,0.6
255,4,4,0.8
255,5,4,0.8
255,6,5,1.0
255,7,5,1.0
255,8,4,0.8
255,9,5,1.0
255,10,3,0.6
255,11,3,0.6
255,12,4,0.8
255,13,4,0.8
255,14,3,0.6
255,15,2,0.4
255,16,4,0.8
255,17,3,0.6
725,1,5,1.0
725,2,5,1.0
725,3,3,0.6
725,4,4,0.8
725,5,4,0.8
725,6,4,0.8
725,7,5,1.0
725,8,4,0.8
725,9,4,0.8
725,10,4,0.8
725,11,4,0.8
725,12,4,0.8
725,13,4,0.8
725,14,3,0.6
725,15,3,0.6
725,16,3,0.6
725,17,3,0.6
765,1,5,1.0
765,2,5,1.0
765,3,3,0.6
765,4,3,0.6
765,5,4,0.8
765,6,5,1.0
765,7,4,0.8
765,8,5,1.0
765,9,4,0.8
765,10,4,0.8
765,11,3,0.6
765,12,5,1.0
765,13,4,0.8
765,14,4,0.8
765,15,2,0.4
765,16,4,0.8
765,17,4,0.8
91,1,4,0.8
91,2,5,1.0
91,3,3,0.6
91,4,3,0.6
91,5,4,0.8
91,6,4,0.8
91,7,5,1.0
91,8,4,0.8
91,9,5,1.0
91,10,4,0.8
91,11,3,0.6
91,12,5,1.0
91,13,5,1.0
91,14,4,0.8
91,15,4,0.8
91,16,3,0.6
91,17,4,0.8
480,1,5,1.0
480,2,5,1.0
480,3,3,0.6
480,4,4,0.8
480,5,4,0.8
480,6,4,0.8
480,7,5,1.0
480,8,5,1.0
480,9,4,0.8
480,10,4,0.8
480,11,2,0.4
480,12,5,1.0
480,13,3,0.6
480,14,3,0.6
480,15,3,0.6
480,16,3,0.6
480,17,4,0.8
201,1,4,0.8
201,2,5,1.0
201,3,4,0.8
201,4,3,0.6
201,5,4,0.8
201,6,5,1.0
201,7,5,1.0
201,8,5,1.0
201,9,5,1.0
201,10,3,0.6
201,11,4,0.8
201,12,5,1.0
201,13,3,0.6
201,14,3,0.6
201,15,3,0.6
201,16,2,0.4
201,17,4,0.8
538,1,4,0.8
538,2,3,0.6
538,3,2,0.4
538,4,3,0.6
538,5,3,0.6
538,6,3,0.6
538,7,4,0.8
538,8,3,0.6
538,9,3,0.6
538,10,2,0.4
538,11,2,0.4
538,12,4,0.8
538,13,4,0.8
538,14,4,0.8
538,15,3,0.6
538,16,4,0.8
538,17,3,0.6
243,1,4,0.8
243,2,3,0.6
243,3,2,0.4
243,4,3,0.6
243,5,3,0.6
243,6,4,0.8
243,7,4,0.8
243,8,3,0.6
243,9,3,0.6
243,10,2,0.4
243,11,4,0.8
243,12,4,0.8
243,13,4,0.8
243,14,4,0.8
243,15,2,0.4
243,16,3,0.6
243,17,4,0.8
221,1,5,1.0
221,2,5,1.0
221,3,3,0.6
221,4,4,0.8
221,5,4,0.8
221,6,5,1.0
221,7,4,0.8
221,8,5,1.0
221,9,4,0.8
221,10,5,1.0
221,11,3,0.6
221,12,5,1.0
221,13,3,0.6
221,14,3,0.6
221,15,4,0.8
221,16,2,0.4
221,17,2,0.4
50,1,5,1.0
50,2,5,1.0
50,3,3,0.6
50,4,3,0.6
50,5,4,0.8
50,6,5,1.0
50,7,5,1.0
50,8,5,1.0
50,9,5,1.0
50,10,4,0.8
50,11,5,1.0
50,12,5,1.0
50,13,4,0.8
50,14,3,0.6
50,15,5,1.0
50,16,4,0.8
50,17,5,1.0
379,1,4,0.8
379,2,4,0.8
379,3,3,0.6
379,4,3,0.6
379,5,3,0.6
379,6,2,0.4
379,7,2,0.4
379,8,4,0.8
379,9,2,0.4
379,10,4,0.8
379,11,3,0.6
379,12,3,0.6
379,13,3,0.6
379,14,3,0.6
379,15,3,0.6
379,16,3,0.6
379,17,4,0.8
147,1,5,1.0
147,2,3,0.6
147,3,2,0.4
147,4,3,0.6
147,5,4,0.8
147,6,4,0.8
147,7,3,0.6
147,8,3,0.6
147,9,3,0.6
147,10,3,0.6
147,11,2,0.4
147,12,5,1.0
147,13,4,0.8
147,14,4,0.8
147,15,4,0.8
147,16,3,0.6
147,17,4,0.8
224,1,5,1.0
224,2,4,0.8
224,3,3,0.6
224,4,3,0.6
224,5,4,0.8
224,6,3,0.6
224,7,4,0.8
224,8,4,0.8
224,9,4,0.8
224,10,4,0.8
224,11,3,0.6
224,12,5,1.0
224,13,4,0.8
224,14,3,0.6
224,15,4,0.8
224,16,3,0.6
224,17,4,0.8
768,1,4,0.8
768,2,3,0.6
768,3,3,0.6
768,4,3,0.6
768,5,3,0.6
768,6,2,0.4
768,7,4,0.8
768,8,3,0.6
768,9,3,0.6
768,10,2,0.4
768,11,2,0.4
768,12,5,1.0
768,13,3,0.6
768,14,4,0.8
768,15,3,0.6
768,16,3,0.6
768,17,4,0.8
10,1,5,1.0
10,2,5,1.0
10,3,4,0.8
10,4,4,0.8
10,5,4,0.8
10,6,5,1.0
10,7,5,1.0
10,8,5,1.0
10,9,5,1.0
10,10,5,1.0
10,11,4,0.8
10,12,5,1.0
10,13,5,1.0
10,14,4,0.8
10,15,4,0.8
10,16,4,0.8
10,17,4,0.8
753,1,4,0.8
753,2,5,1.0
753,3,3,0.6
753,4,4,0.8
753,5,4,0.8
753,6,5,1.0
753,7,3,0.6
753,8,4,0.8
753,9,5,1.0
753,10,4,0.8
753,11,4,0.8
753,12,4,0.8
753,13,4,0.8
753,14,3,0.6
753,15,5,1.0
753,16,3,0.6
753,17,5,1.0
488,1,5,1.0
488,2,5,1.0
488,3,3,0.6
488,4,4,0.8
488,5,4,0.8
488,6,5,1.0
488,7,4,0.8
488,8,4,0.8
488,9,5,1.0
488,10,3,0.6
488,11,3,0.6
488,12,5,1.0
488,13,4,0.8
488,14,3,0.6
488,15,3,0.6
488,16,3,0.6
488,17,4,0.8
307,1,4,0.8
307,2,4,0.8
307,3,3,0.6
307,4,3,0.6
307,5,4,0.8
307,6,4,0.8
307,7,3,0.6
307,8,3,0.6
307,9,3,0.6
307,10,4,0.8
307,11,4,0.8
307,12,4,0.8
307,13,4,0.8
307,14,3,0.6
307,15,4,0.8
307,16,3,0.6
307,17,3,0.6
556,1,3,0.6
556,2,4,0.8
556,3,3,0.6
556,4,2,0.4
556,5,4,0.8
556,6,2,0.4
556,7,4,0.8
556,8,3,0.6
556,9,3,0.6
556,10,2,0.4
556,11,2,0.4
556,12,4,0.8
556,13,4,0.8
556,14,2,0.4
556,15,3,0.6
556,16,3,0.6
556,17,3,0.6
75,1,4,0.8
75,2,3,0.6
75,3,3,0.6
75,4,2,0.4
75,5,4,0.8
75,6,4,0.8
75,7,3,0.6
75,8,3,0.6
75,9,2,0.4
75,10,3,0.6
75,11,3,0.6
75,12,5,1.0
75,13,3,0.6
75,14,5,1.0
75,15,5,1.0
75,16,3,0.6
75,17,4,0.8
237,1,5,1.0
237,2,4,0.8
237,3,3,0.6
237,4,3,0.6
237,5,4,0.8
237,6,4,0.8
237,7,3,0.6
237,8,4,0.8
237,9,4,0.8
237,10,4,0.8
237,11,3,0.6
237,12,4,0.8
237,13,4,0.8
237,14,3,0.6
237,15,2,0.4
237,16,4,0.8
237,17,3,0.6
64,1,4,0.8
64,2,2,0.4
64,3,3,0.6
64,4,3,0.6
64,5,4,0.8
64,6,4,0.8
64,7,3,0.6
64,8,3,0.6
64,9,3,0.6
64,10,3,0.6
64,11,2,0.4
64,12,4,0.8
64,13,5,1.0
64,14,4,0.8
64,15,4,0.8
64,16,4,0.8
64,17,4,0.8
648,1,5,1.0
648,2,4,0.8
648,3,2,0.4
648,4,2,0.4
648,5,3,0.6
648,6,4,0.8
648,7,4,0.8
648,8,3,0.6
648,9,2,0.4
648,10,2,0.4
648,11,2,0.4
648,12,5,1.0
648,13,4,0.8
648,14,3,0.6
648,15,4,0.8
648,16,3,0.6
648,17,4,0.8
163,1,3,0.6
163,2,3,0.6
163,3,2,0.4
163,4,3,0.6
163,5,4,0.8
163,6,2,0.4
163,7,3,0.6
163,8,2,0.4
163,9,2,0.4
163,10,2,0.4
163,11,1,0.2
163,12,4,0.8
163,13,3,0.6
163,14,4,0.8
163,15,4,0.8
163,16,3,0.6
163,17,5,1.0
138,1,5,1.0
138,2,5,1.0
138,3,3,0.6
138,4,4,0.8
138,5,4,0.8
138,6,4,0.8
138,7,5,1.0
138,8,3,0.6
138,9,5,1.0
138,10,3,0.6
138,11,3,0.6
138,12,4,0.8
138,13,4,0.8
138,14,4,0.8
138,15,4,0.8
138,16,4,0.8
138,17,4,0.8
53,1,5,1.0
53,2,5,1.0
53,3,3,0.6
53,4,3,0.6
53,5,3,0.6
53,6,2,0.4
53,7,4,0.8
53,8,3,0.6
53,9,4,0.8
53,10,4,0.8
53,11,2,0.4
53,12,5,1.0
53,13,5,1.0
53,14,5,1.0
53,15,3,0.6
53,16,4,0.8
53,17,4,0.8
183,1,4,0.8
183,2,5,1.0
183,3,3,0.6
183,4,2,0.4
183,5,4,0.8
183,6,2,0.4
183,7,3,0.6
183,8,3,0.6
183,9,3,0.6
183,10,4,0.8
183,11,2,0.4
183,12,4,0.8
183,13,4,0.8
183,14,3,0.6
183,15,4,0.8
183,16,1,0.2
183,17,3,0.6
73,1,5,1.0
73,2,5,1.0
73,3,3,0.6
73,4,3,0.6
73,5,4,0.8
73,6,3,0.6
73,7,3,0.6
73,8,3,0.6
73,9,5,1.0
73,10,3,0.6
73,11,4,0.8
73,12,5,1.0
73,13,4,0.8
73,14,3,0.6
73,15,4,0.8
73,16,4,0.8
73,17,4,0.8
137,1,4,0.8
137,2,5,1.0
137,3,3,0.6
137,4,3,0.6
137,5,4,0.8
137,6,5,1.0
137,7,4,0.8
137,8,3,0.6
137,9,4,0.8
137,10,4,0.8
137,11,4,0.8
137,12,5,1.0
137,13,4,0.8
137,14,4,0.8
137,15,5,1.0
137,16,3,0.6
137,17,4,0.8
653,1,4,0.8
653,2,4,0.8
653,3,3,0.6
653,4,4,0.8
653,5,4,0.8
653,6,4,0.8
653,7,3,0.6
653,8,3,0.6
653,9,3,0.6
653,10,2,0.4
653,11,2,0.4
653,12,4,0.8
653,13,3,0.6
653,14,2,0.4
653,15,3,0.6
653,16,3,0.6
653,17,4,0.8
367,1,5,1.0
367,2,4,0.8
367,3,2,0.4
367,4,3,0.6
367,5,3,0.6
367,6,3,0.6
367,7,3,0.6
367,8,2,0.4
367,9,3,0.6
367,10,3,0.6
367,11,1,0.2
367,12,4,0.8
367,13,3,0.6
367,14,4,0.8
367,15,2,0.4
367,16,3,0.6
367,17,3,0.6
633,1,4,0.8
633,2,5,1.0
633,3,3,0.6
633,4,3,0.6
633,5,4,0.8
633,6,3,0.6
633,7,3,0.6
633,8,2,0.4
633,9,4,0.8
633,10,3,0.6
633,11,3,0.6
633,12,4,0.8
633,13,3,0.6
633,14,4,0.8
633,15,4,0.8
633,16,2,0.4
633,17,4,0.8
562,1,4,0.8
562,2,5,1.0
562,3,3,0.6
562,4,3,0.6
562,5,3,0.6
562,6,3,0.6
562,7,4,0.8
562,8,3,0.6
562,9,3,0.6
562,10,4,0.8
562,11,2,0.4
562,12,4,0.8
562,13,3,0.6
562,14,3,0.6
562,15,4,0.8
562,16,3,0.6
562,17,4,0.8
151,1,4,0.8
151,2,4,0.8
151,3,3,0.6
151,4,3,0.6
151,5,4,0.8
151,6,4,0.8
151,7,4,0.8
151,8,4,0.8
151,9,3,0.6
151,10,5,1.0
151,11,3,0.6
151,12,5,1.0
151,13,3,0.6
151,14,4,0.8
151,15,4,0.8
151,16,3,0.6
151,17,4,0.8
300,1,5,1.0
300,2,5,1.0
300,3,3,0.6
300,4,3,0.6
300,5,4,0.8
300,6,4,0.8
300,7,5,1.0
300,8,4,0.8
300,9,5,1.0
300,10,5,1.0
300,11,3,0.6
300,12,5,1.0
300,13,3,0.6
300,14,4,0.8
300,15,3,0.6
300,16,4,0.8
300,17,3,0.6
323,1,5,1.0
323,2,5,1.0
323,3,3,0.6
323,4,4,0.8
323,5,4,0.8
323,6,5,1.0
323,7,4,0.8
323,8,4,0.8
323,9,5,1.0
323,10,4,0.8
323,11,4,0.8
323,12,5,1.0
323,13,3,0.6
323,14,4,0.8
323,15,4,0.8
323,16,3,0.6
323,17,4,0.8
490,1,4,0.8
490,2,4,0.8
490,3,3,0.6
490,4,3,0.6
490,5,4,0.8
490,6,3,0.6
490,7,3,0.6
490,8,3,0.6
490,9,3,0.6
490,10,4,0.8
490,11,3,0.6
490,12,4,0.8
490,13,4,0.8
490,14,3,0.6
490,15,4,0.8
490,16,3,0.6
490,17,2,0.4
302,1,5,1.0
302,2,4,0.8
302,3,3,0.6
302,4,4,0.8
302,5,4,0.8
302,6,2,0.4
302,7,4,0.8
302,8,3,0.6
302,9,4,0.8
302,10,4,0.8
302,11,3,0.6
302,12,4,0.8
302,13,4,0.8
302,14,3,0.6
302,15,2,0.4
302,16,3,0.6
302,17,3,0.6
531,1,5,1.0
531,2,5,1.0
531,3,3,0.6
531,4,4,0.8
531,5,4,0.8
531,6,5,1.0
531,7,5,1.0
531,8,5,1.0
531,9,5,1.0
531,10,5,1.0
531,11,4,0.8
531,12,4,0.8
531,13,5,1.0
531,14,3,0.6
531,15,3,0.6
531,16,3,0.6
531,17,4,0.8
101,1,5,1.0
101,2,5,1.0
101,3,2,0.4
101,4,3,0.6
101,5,4,0.8
101,6,3,0.6
101,7,4,0.8
101,8,5,1.0
101,9,4,0.8
101,10,5,1.0
101,11,4,0.8
101,12,5,1.0
101,13,5,1.0
101,14,4,0.8
101,15,4,0.8
101,16,3,0.6
101,17,4,0.8
268,1,4,0.8
268,2,3,0.6
268,3,3,0.6
268,4,3,0.6
268,5,4,0.8
268,6,2,0.4
268,7,3,0.6
268,8,4,0.8
268,9,3,0.6
268,10,3,0.6
268,11,3,0.6
268,12,3,0.6
268,13,3,0.6
268,14,4,0.8
268,15,3,0.6
268,16,4,0.8
268,17,3,0.6
296,1,5,1.0
296,2,4,0.8
296,3,3,0.6
296,4,3,0.6
296,5,4,0.8
296,6,3,0.6
296,7,3,0.6
296,8,4,0.8
296,9,4,0.8
296,10,4,0.8
296,11,3,0.6
296,12,4,0.8
296,13,3,0.6
296,14,3,0.6
296,15,4,0.8
296,16,3,0.6
296,17,4,0.8
118,1,5,1.0
118,2,5,1.0
118,3,3,0.6
118,4,4,0.8
118,5,4,0.8
118,6,4,0.8
118,7,5,1.0
118,8,4,0.8
118,9,5,1.0
118,10,5,1.0
118,11,5,1.0
118,12,5,1.0
118,13,4,0.8
118,14,3,0.6
118,15,3,0.6
118,16,2,0.4
118,17,3,0.6
180,1,5,1.0
180,2,5,1.0
180,3,3,0.6
180,4,4,0.8
180,5,4,0.8
180,6,5,1.0
180,7,4,0.8
180,8,4,0.8
180,9,5,1.0
180,10,5,1.0
180,11,4,0.8
180,12,5,1.0
180,13,3,0.6
180,14,4,0.8
180,15,5,1.0
180,16,4,0.8
180,17,3,0.6
458,1,5,1.0
458,2,5,1.0
458,3,3,0.6
458,4,3,0.6
458,5,4,0.8
458,6,4,0.8
458,7,4,0.8
458,8,5,1.0
458,9,4,0.8
458,10,4,0.8
458,11,4,0.8
458,12,5,1.0
458,13,4,0.8
458,14,3,0.6
458,15,3,0.6
458,16,3,0.6
458,17,4,0.8
7,1,5,1.0
7,2,5,1.0
7,3,4,0.8
7,4,4,0.8
7,5,5,1.0
7,6,5,1.0
7,7,5,1.0
7,8,4,0.8
7,9,5,1.0
7,10,5,1.0
7,11,5,1.0
7,12,5,1.0
7,13,4,0.8
7,14,4,0.8
7,15,5,1.0
7,16,4,0.8
7,17,5,1.0
645,1,5,1.0
645,2,5,1.0
645,3,3,0.6
645,4,3,0.6
645,5,4,0.8
645,6,4,0.8
645,7,5,1.0
645,8,5,1.0
645,9,4,0.8
645,10,5,1.0
645,11,5,1.0
645,12,4,0.8
645,13,4,0.8
645,14,3,0.6
645,15,2,0.4
645,16,3,0.6
645,17,3,0.6
547,1,5,1.0
547,2,4,0.8
547,3,4,0.8
547,4,4,0.8
547,5,4,0.8
547,6,5,1.0
547,7,5,1.0
547,8,4,0.8
547,9,5,1.0
547,10,5,1.0
547,11,3,0.6
547,12,3,0.6
547,13,4,0.8
547,14,2,0.4
547,15,2,0.4
547,16,2,0.4
547,17,3,0.6
405,1,5,1.0
405,2,5,1.0
405,3,3,0.6
405,4,3,0.6
405,5,4,0.8
405,6,5,1.0
405,7,5,1.0
405,8,5,1.0
405,9,5,1.0
405,10,4,0.8
405,11,3,0.6
405,12,4,0.8
405,13,4,0.8
405,14,3,0.6
405,15,3,0.6
405,16,3,0.6
405,17,3,0.6
682,1,4,0.8
682,2,5,1.0
682,3,3,0.6
682,4,3,0.6
682,5,4,0.8
682,6,4,0.8
682,7,5,1.0
682,8,5,1.0
682,9,5,1.0
682,10,4,0.8
682,11,3,0.6
682,12,4,0.8
682,13,4,0.8
682,14,3,0.6
682,15,4,0.8
682,16,3,0.6
682,17,3,0.6
35,1,5,1.0
35,2,5,1.0
35,3,4,0.8
35,4,4,0.8
35,5,4,0.8
35,6,5,1.0
35,7,5,1.0
35,8,5,1.0
35,9,4,0.8
35,10,5,1.0
35,11,4,0.8
35,12,5,1.0
35,13,4,0.8
35,14,3,0.6
35,15,3,0.6
35,16,3,0.6
35,17,4,0.8
340,1,5,1.0
340,2,5,1.0
340,3,3,0.6
340,4,3,0.6
340,5,3,0.6
340,6,4,0.8
340,7,3,0.6
340,8,4,0.8
340,9,3,0.6
340,10,4,0.8
340,11,3,0.6
340,12,5,1.0
340,13,3,0.6
340,14,4,0.8
340,15,3,0.6
340,16,2,0.4
340,17,3,0.6
466,1,4,0.8
466,2,5,1.0
466,3,3,0.6
466,4,3,0.6
466,5,4,0.8
466,6,4,0.8
466,7,4,0.8
466,8,4,0.8
466,9,4,0.8
466,10,3,0.6
466,11,3,0.6
466,12,4,0.8
466,13,4,0.8
466,14,3,0.6
466,15,3,0.6
466,16,3,0.6
466,17,2,0.4
380,1,5,1.0
380,2,5,1.0
380,3,3,0.6
380,4,4,0.8
380,5,4,0.8
380,6,5,1.0
380,7,4,0.8
380,8,5,1.0
380,9,4,0.8
380,10,5,1.0
380,11,3,0.6
380,12,4,0.8
380,13,5,1.0
380,14,4,0.8
380,15,3,0.6
380,16,4,0.8
380,17,3,0.6
81,1,5,1.0
81,2,4,0.8
81,3,4,0.8
81,4,4,0.8
81,5,5,1.0
81,6,4,0.8
81,7,5,1.0
81,8,4,0.8
81,9,5,1.0
81,10,4,0.8
81,11,4,0.8
81,12,5,1.0
81,13,3,0.6
81,14,4,0.8
81,15,4,0.8
81,16,3,0.6
81,17,3,0.6
481,1,5,1.0
481,2,5,1.0
481,3,3,0.6
481,4,3,0.6
481,5,4,0.8
481,6,5,1.0
481,7,5,1.0
481,8,4,0.8
481,9,4,0.8
481,10,4,0.8
481,11,5,1.0
481,12,5,1.0
481,13,4,0.8
481,14,3,0.6
481,15,4,0.8
481,16,4,0.8
481,17,4,0.8
613,1,5,1.0
613,2,4,0.8
613,3,3,0.6
613,4,3,0.6
613,5,4,0.8
613,6,4,0.8
613,7,4,0.8
613,8,4,0.8
613,9,4,0.8
613,10,4,0.8
613,11,3,0.6
613,12,4,0.8
613,13,3,0.6
613,14,4,0.8
613,15,4,0.8
613,16,3,0.6
613,17,4,0.8
261,1,5,1.0
261,2,5,1.0
261,3,3,0.6
261,4,3,0.6
261,5,4,0.8
261,6,4,0.8
261,7,5,1.0
261,8,5,1.0
261,9,5,1.0
261,10,4,0.8
261,11,4,0.8
261,12,4,0.8
261,13,3,0.6
261,14,3,0.6
261,15,4,0.8
261,16,4,0.8
261,17,5,1.0
615,1,5,1.0
615,2,5,1.0
615,3,3,0.6
615,4,4,0.8
615,5,4,0.8
615,6,4,0.8
615,7,4,0.8
615,8,4,0.8
615,9,5,1.0
615,10,4,0.8
615,11,3,0.6
615,12,4,0.8
615,13,4,0.8
615,14,3,0.6
615,15,2,0.4
615,16,3,0.6
615,17,3,0.6
166,1,5,1.0
166,2,5,1.0
166,3,3,0.6
166,4,3,0.6
166,5,4,0.8
166,6,3,0.6
166,7,4,0.8
166,8,3,0.6
166,9,5,1.0
166,10,4,0.8
166,11,3,0.6
166,12,5,1.0
166,13,3,0.6
166,14,5,1.0
166,15,3,0.6
166,16,3,0.6
166,17,4,0.8
32,1,5,1.0
32,2,5,1.0
32,3,4,0.8
32,4,4,0.8
32,5,5,1.0
32,6,4,0.8
32,7,5,1.0
32,8,4,0.8
32,9,4,0.8
32,10,4,0.8
32,11,4,0.8
32,12,5,1.0
32,13,4,0.8
32,14,5,1.0
32,15,5,1.0
32,16,4,0.8
32,17,5,1.0
92,1,4,0.8
92,2,5,1.0
92,3,3,0.6
92,4,3,0.6
92,5,4,0.8
92,6,4,0.8
92,7,4,0.8
92,8,3,0.6
92,9,4,0.8
92,10,3,0.6
92,11,3,0.6
92,12,5,1.0
92,13,3,0.6
92,14,4,0.8
92,15,4,0.8
92,16,4,0.8
92,17,4,0.8
502,1,4,0.8
502,2,4,0.8
502,3,3,0.6
502,4,4,0.8
502,5,3,0.6
502,6,3,0.6
502,7,4,0.8
502,8,3,0.6
502,9,3,0.6
502,10,2,0.4
502,11,4,0.8
502,12,5,1.0
502,13,3,0.6
502,14,3,0.6
502,15,3,0.6
502,16,5,1.0
502,17,3,0.6
497,1,5,1.0
497,2,5,1.0
497,3,3,0.6
497,4,4,0.8
497,5,4,0.8
497,6,4,0.8
497,7,4,0.8
497,8,5,1.0
497,9,5,1.0
497,10,3,0.6
497,11,3,0.6
497,12,4,0.8
497,13,4,0.8
497,14,3,0.6
497,15,5,1.0
497,16,3,0.6
497,17,3,0.6
518,1,5,1.0
518,2,5,1.0
518,3,4,0.8
518,4,3,0.6
518,5,4,0.8
518,6,4,0.8
518,7,4,0.8
518,8,5,1.0
518,9,5,1.0
518,10,5,1.0
518,11,3,0.6
518,12,4,0.8
518,13,4,0.8
518,14,4,0.8
518,15,4,0.8
518,16,3,0.6
518,17,4,0.8
464,1,4,0.8
464,2,5,1.0
464,3,3,0.6
464,4,3,0.6
464,5,3,0.6
464,6,1,0.2
464,7,3,0.6
464,8,1,0.2
464,9,4,0.8
464,10,4,0.8
464,11,3,0.6
464,12,5,1.0
464,13,3,0.6
464,14,3,0.6
464,15,4,0.8
464,16,3,0.6
464,17,3,0.6
740,1,5,1.0
740,2,5,1.0
740,3,3,0.6
740,4,4,0.8
740,5,5,1.0
740,6,4,0.8
740,7,5,1.0
740,8,4,0.8
740,9,5,1.0
740,10,5,1.0
740,11,4,0.8
740,12,5,1.0
740,13,4,0.8
740,14,3,0.6
740,15,3,0.6
740,16,3,0.6
740,17,4,0.8
522,1,5,1.0
522,2,5,1.0
522,3,3,0.6
522,4,4,0.8
522,5,4,0.8
522,6,4,0.8
522,7,5,1.0
522,8,3,0.6
522,9,4,0.8
522,10,4,0.8
522,11,4,0.8
522,12,5,1.0
522,13,3,0.6
522,14,2,0.4
522,15,4,0.8
522,16,3,0.6
522,17,3,0.6
290,1,4,0.8
290,2,4,0.8
290,3,4,0.8
290,4,4,0.8
290,5,4,0.8
290,6,4,0.8
290,7,3,0.6
290,8,5,1.0
290,9,5,1.0
290,10,5,1.0
290,11,4,0.8
290,12,4,0.8
290,13,3,0.6
290,14,3,0.6
290,15,3,0.6
290,16,4,0.8
290,17,3,0.6
408,1,3,0.6
408,2,4,0.8
408,3,3,0.6
408,4,3,0.6
408,5,4,0.8
408,6,4,0.8
408,7,3,0.6
408,8,2,0.4
408,9,5,1.0
408,10,2,0.4
408,11,2,0.4
408,12,5,1.0
408,13,4,0.8
408,14,5,1.0
408,15,5,1.0
408,16,3,0.6
408,17,5,1.0
639,1,4,0.8
639,2,5,1.0
639,3,3,0.6
639,4,3,0.6
639,5,4,0.8
639,6,3,0.6
639,7,3,0.6
639,8,2,0.4
639,9,4,0.8
639,10,3,0.6
639,11,2,0.4
639,12,5,1.0
639,13,3,0.6
639,14,3,0.6
639,15,5,1.0
639,16,2,0.4
639,17,4,0.8
572,1,5,1.0
572,2,5,1.0
572,3,4,0.8
572,4,4,0.8
572,5,4,0.8
572,6,4,0.8
572,7,5,1.0
572,8,4,0.8
572,9,5,1.0
572,10,5,1.0
572,11,4,0.8
572,12,5,1.0
572,13,4,0.8
572,14,3,0.6
572,15,4,0.8
572,16,4,0.8
572,17,4,0.8
565,1,5,1.0
565,2,5,1.0
565,3,3,0.6
565,4,4,0.8
565,5,4,0.8
565,6,4,0.8
565,7,5,1.0
565,8,4,0.8
565,9,5,1.0
565,10,5,1.0
565,11,3,0.6
565,12,5,1.0
565,13,4,0.8
565,14,3,0.6
565,15,3,0.6
565,16,2,0.4
565,17,5,1.0
252,1,4,0.8
252,2,4,0.8
252,3,3,0.6
252,4,3,0.6
252,5,4,0.8
252,6,2,0.4
252,7,3,0.6
252,8,3,0.6
252,9,3,0.6
252,10,5,1.0
252,11,4,0.8
252,12,4,0.8
252,13,4,0.8
252,14,3,0.6
252,15,3,0.6
252,16,4,0.8
252,17,4,0.8
372,1,5,1.0
372,2,5,1.0
372,3,3,0.6
372,4,4,0.8
372,5,4,0.8
372,6,4,0.8
372,7,3,0.6
372,8,5,1.0
372,9,5,1.0
372,10,4,0.8
372,11,4,0.8
372,12,5,1.0
372,13,3,0.6
372,14,3,0.6
372,15,2,0.4
372,16,4,0.8
372,17,4,0.8
240,1,5,1.0
240,2,5,1.0
240,3,3,0.6
240,4,4,0.8
240,5,4,0.8
240,6,3,0.6
240,7,5,1.0
240,8,4,0.8
240,9,4,0.8
240,10,5,1.0
240,11,4,0.8
240,12,4,0.8
240,13,3,0.6
240,14,3,0.6
240,15,4,0.8
240,16,3,0.6
240,17,4,0.8
54,1,5,1.0
54,2,5,1.0
54,3,4,0.8
54,4,3,0.6
54,5,4,0.8
54,6,5,1.0
54,7,5,1.0
54,8,5,1.0
54,9,5,1.0
54,10,5,1.0
54,11,4,0.8
54,12,4,0.8
54,13,5,1.0
54,14,4,0.8
54,15,4,0.8
54,16,4,0.8
54,17,4,0.8
425,1,5,1.0
425,2,5,1.0
425,3,4,0.8
425,4,4,0.8
425,5,5,1.0
425,6,4,0.8
425,7,4,0.8
425,8,4,0.8
425,9,5,1.0
425,10,5,1.0
425,11,4,0.8
425,12,4,0.8
425,13,2,0.4
425,14,4,0.8
425,15,4,0.8
425,16,4,0.8
425,17,3,0.6
62,1,5,1.0
62,2,5,1.0
62,3,4,0.8
62,4,3,0.6
62,5,4,0.8
62,6,4,0.8
62,7,5,1.0
62,8,4,0.8
62,9,4,0.8
62,10,4,0.8
62,11,3,0.6
62,12,5,1.0
62,13,4,0.8
62,14,4,0.8
62,15,4,0.8
62,16,4,0.8
62,17,4,0.8
217,1,4,0.8
217,2,5,1.0
217,3,3,0.6
217,4,3,0.6
217,5,4,0.8
217,6,4,0.8
217,7,3,0.6
217,8,4,0.8
217,9,5,1.0
217,10,5,1.0
217,11,4,0.8
217,12,4,0.8
217,13,4,0.8
217,14,3,0.6
217,15,3,0.6
217,16,4,0.8
217,17,5,1.0
622,1,5,1.0
622,2,4,0.8
622,3,3,0.6
622,4,3,0.6
622,5,4,0.8
622,6,4,0.8
622,7,5,1.0
622,8,4,0.8
622,9,5,1.0
622,10,4,0.8
622,11,4,0.8
622,12,5,1.0
622,13,4,0.8
622,14,3,0.6
622,15,4,0.8
622,16,3,0.6
622,17,4,0.8
698,1,4,0.8
698,2,5,1.0
698,3,3,0.6
698,4,4,0.8
698,5,4,0.8
698,6,5,1.0
698,7,4,0.8
698,8,4,0.8
698,9,4,0.8
698,10,5,1.0
698,11,4,0.8
698,12,4,0.8
698,13,4,0.8
698,14,4,0.8
698,15,3,0.6
698,16,3,0.6
698,17,4,0.8
184,1,5,1.0
184,2,5,1.0
184,3,3,0.6
184,4,4,0.8
184,5,4,0.8
184,6,4,0.8
184,7,4,0.8
184,8,4,0.8
184,9,5,1.0
184,10,5,1.0
184,11,5,1.0
184,12,5,1.0
184,13,3,0.6
184,14,3,0.6
184,15,5,1.0
184,16,3,0.6
184,17,3,0.6
539,1,5,1.0
539,2,3,0.6
539,3,3,0.6
539,4,3,0.6
539,5,4,0.8
539,6,2,0.4
539,7,3,0.6
539,8,2,0.4
539,9,4,0.8
539,10,4,0.8
539,11,3,0.6
539,12,5,1.0
539,13,4,0.8
539,14,5,1.0
539,15,2,0.4
539,16,3,0.6
539,17,5,1.0
263,1,5,1.0
263,2,5,1.0
263,3,4,0.8
263,4,4,0.8
263,5,4,0.8
263,6,4,0.8
263,7,5,1.0
263,8,3,0.6
263,9,4,0.8
263,10,3,0.6
263,11,4,0.8
263,12,5,1.0
263,13,3,0.6
263,14,5,1.0
263,15,2,0.4
263,16,4,0.8
263,17,2,0.4
60,1,4,0.8
60,2,4,0.8
60,3,3,0.6
60,4,3,0.6
60,5,4,0.8
60,6,4,0.8
60,7,4,0.8
60,8,5,1.0
60,9,5,1.0
60,10,4,0.8
60,11,5,1.0
60,12,5,1.0
60,13,5,1.0
60,14,4,0.8
60,15,4,0.8
60,16,3,0.6
60,17,4,0.8
233,1,5,1.0
233,2,5,1.0
233,3,3,0.6
233,4,3,0.6
233,5,4,0.8
233,6,4,0.8
233,7,4,0.8
233,8,3,0.6
233,9,5,1.0
233,10,4,0.8
233,11,4,0.8
233,12,4,0.8
233,13,4,0.8
233,14,3,0.6
233,15,4,0.8
233,16,3,0.6
233,17,4,0.8
555,1,5,1.0
555,2,5,1.0
555,3,3,0.6
555,4,3,0.6
555,5,4,0.8
555,6,4,0.8
555,7,4,0.8
555,8,4,0.8
555,9,4,0.8
555,10,3,0.6
555,11,4,0.8
555,12,4,0.8
555,13,3,0.6
555,14,4,0.8
555,15,3,0.6
555,16,3,0.6
555,17,4,0.8
430,1,5,1.0
430,2,5,1.0
430,3,3,0.6
430,4,3,0.6
430,5,4,0.8
430,6,5,1.0
430,7,4,0.8
430,8,4,0.8
430,9,4,0.8
430,10,4,0.8
430,11,4,0.8
430,12,3,0.6
430,13,4,0.8
430,14,3,0.6
430,15,3,0.6
430,16,3,0.6
430,17,4,0.8
88,1,5,1.0
88,2,5,1.0
88,3,3,0.6
88,4,4,0.8
88,5,5,1.0
88,6,4,0.8
88,7,5,1.0
88,8,4,0.8
88,9,5,1.0
88,10,5,1.0
88,11,4,0.8
88,12,5,1.0
88,13,4,0.8
88,14,3,0.6
88,15,4,0.8
88,16,5,1.0
88,17,4,0.8
85,1,5,1.0
85,2,5,1.0
85,3,3,0.6
85,4,3,0.6
85,5,4,0.8
85,6,4,0.8
85,7,4,0.8
85,8,4,0.8
85,9,4,0.8
85,10,4,0.8
85,11,3,0.6
85,12,5,1.0
85,13,4,0.8
85,14,4,0.8
85,15,3,0.6
85,16,4,0.8
85,17,4,0.8
223,1,5,1.0
223,2,4,0.8
223,3,3,0.6
223,4,3,0.6
223,5,3,0.6
223,6,3,0.6
223,7,3,0.6
223,8,4,0.8
223,9,4,0.8
223,10,4,0.8
223,11,2,0.4
223,12,5,1.0
223,13,4,0.8
223,14,3,0.6
223,15,4,0.8
223,16,3,0.6
223,17,5,1.0
190,1,4,0.8
190,2,5,1.0
190,3,3,0.6
190,4,3,0.6
190,5,4,0.8
190,6,5,1.0
190,7,4,0.8
190,8,5,1.0
190,9,4,0.8
190,10,4,0.8
190,11,4,0.8
190,12,4,0.8
190,13,5,1.0
190,14,4,0.8
190,15,4,0.8
190,16,5,1.0
190,17,3,0.6
285,1,5,1.0
285,2,5,1.0
285,3,3,0.6
285,4,4,0.8
285,5,4,0.8
285,6,3,0.6
285,7,4,0.8
285,8,4,0.8
285,9,4,0.8
285,10,3,0.6
285,11,3,0.6
285,12,5,1.0
285,13,3,0.6
285,14,3,0.6
285,15,4,0.8
285,16,4,0.8
285,17,5,1.0
769,1,4,0.8
769,2,5,1.0
769,3,3,0.6
769,4,4,0.8
769,5,4,0.8
769,6,5,1.0
769,7,4,0.8
769,8,4,0.8
769,9,4,0.8
769,10,4,0.8
769,11,4,0.8
769,12,4,0.8
769,13,4,0.8
769,14,3,0.6
769,15,4,0.8
769,16,3,0.6
769,17,3,0.6
346,1,3,0.6
346,2,4,0.8
346,3,2,0.4
346,4,3,0.6
346,5,3,0.6
346,6,3,0.6
346,7,3,0.6
346,8,3,0.6
346,9,3,0.6
346,10,3,0.6
346,11,4,0.8
346,12,4,0.8
346,13,4,0.8
346,14,4,0.8
346,15,4,0.8
346,16,2,0.4
346,17,4,0.8
212,1,5,1.0
212,2,5,1.0
212,3,3,0.6
212,4,4,0.8
212,5,4,0.8
212,6,4,0.8
212,7,4,0.8
212,8,5,1.0
212,9,5,1.0
212,10,5,1.0
212,11,3,0.6
212,12,5,1.0
212,13,4,0.8
212,14,3,0.6
212,15,4,0.8
212,16,4,0.8
212,17,4,0.8
764,1,5,1.0
764,2,5,1.0
764,3,3,0.6
764,4,3,0.6
764,5,4,0.8
764,6,4,0.8
764,7,5,1.0
764,8,4,0.8
764,9,5,1.0
764,10,3,0.6
764,11,3,0.6
764,12,5,1.0
764,13,4,0.8
764,14,4,0.8
764,15,4,0.8
764,16,3,0.6
764,17,4,0.8
437,1,5,1.0
437,2,5,1.0
437,3,3,0.6
437,4,4,0.8
437,5,4,0.8
437,6,4,0.8
437,7,5,1.0
437,8,5,1.0
437,9,5,1.0
437,10,4,0.8
437,11,4,0.8
437,12,5,1.0
437,13,4,0.8
437,14,4,0.8
437,15,4,0.8
437,16,3,0.6
437,17,4,0.8
453,1,5,1.0
453,2,5,1.0
453,3,3,0.6
453,4,3,0.6
453,5,4,0.8
453,6,3,0.6
453,7,3,0.6
453,8,3,0.6
453,9,3,0.6
453,10,4,0.8
453,11,3,0.6
453,12,5,1.0
453,13,4,0.8
453,14,3,0.6
453,15,4,0.8
453,16,3,0.6
453,17,4,0.8
552,1,5,1.0
552,2,5,1.0
552,3,3,0.6
552,4,4,0.8
552,5,4,0.8
552,6,4,0.8
552,7,5,1.0
552,8,5,1.0
552,9,4,0.8
552,10,5,1.0
552,11,4,0.8
552,12,4,0.8
552,13,4,0.8
552,14,3,0.6
552,15,2,0.4
552,16,3,0.6
552,17,4,0.8
597,1,4,0.8
597,2,5,1.0
597,3,3,0.6
597,4,3,0.6
597,5,4,0.8
597,6,4,0.8
597,7,5,1.0
597,8,4,0.8
597,9,4,0.8
597,10,4,0.8
597,11,4,0.8
597,12,3,0.6
597,13,4,0.8
597,14,3,0.6
597,15,4,0.8
597,16,2,0.4
597,17,4,0.8
462,1,3,0.6
462,2,4,0.8
462,3,3,0.6
462,4,3,0.6
462,5,3,0.6
462,6,4,0.8
462,7,3,0.6
462,8,3,0.6
462,9,4,0.8
462,10,3,0.6
462,11,4,0.8
462,12,4,0.8
462,13,3,0.6
462,14,2,0.4
462,15,2,0.4
462,16,3,0.6
462,17,4,0.8
282,1,5,1.0
282,2,5,1.0
282,3,3,0.6
282,4,4,0.8
282,5,4,0.8
282,6,5,1.0
282,7,5,1.0
282,8,4,0.8
282,9,5,1.0
282,10,4,0.8
282,11,4,0.8
282,12,4,0.8
282,13,4,0.8
282,14,3,0.6
282,15,3,0.6
282,16,3,0.6
282,17,2,0.4
153,1,5,1.0
153,2,5,1.0
153,3,3,0.6
153,4,3,0.6
153,5,4,0.8
153,6,4,0.8
153,7,4,0.8
153,8,4,0.8
153,9,5,1.0
153,10,4,0.8
153,11,4,0.8
153,12,4,0.8
153,13,3,0.6
153,14,3,0.6
153,15,3,0.6
153,16,4,0.8
153,17,4,0.8
254,1,4,0.8
254,2,4,0.8
254,3,3,0.6
254,4,3,0.6
254,5,4,0.8
254,6,3,0.6
254,7,3,0.6
254,8,4,0.8
254,9,5,1.0
254,10,3,0.6
254,11,4,0.8
254,12,5,1.0
254,13,3,0.6
254,14,4,0.8
254,15,4,0.8
254,16,2,0.4
254,17,5,1.0
586,1,5,1.0
586,2,5,1.0
586,3,3,0.6
586,4,4,0.8
586,5,4,0.8
586,6,4,0.8
586,7,3,0.6
586,8,4,0.8
586,9,4,0.8
586,10,5,1.0
586,11,4,0.8
586,12,4,0.8
586,13,4,0.8
586,14,3,0.6
586,15,2,0.4
586,16,3,0.6
586,17,4,0.8
143,1,4,0.8
143,2,4,0.8
143,3,2,0.4
143,4,3,0.6
143,5,4,0.8
143,6,3,0.6
143,7,3,0.6
143,8,3,0.6
143,9,4,0.8
143,10,5,1.0
143,11,4,0.8
143,12,5,1.0
143,13,3,0.6
143,14,4,0.8
143,15,4,0.8
143,16,4,0.8
143,17,4,0.8
628,1,5,1.0
628,2,5,1.0
628,3,3,0.6
628,4,4,0.8
628,5,4,0.8
628,6,4,0.8
628,7,5,1.0
628,8,3,0.6
628,9,5,1.0
628,10,5,1.0
628,11,4,0.8
628,12,4,0.8
628,13,2,0.4
628,14,3,0.6
628,15,3,0.6
628,16,4,0.8
628,17,4,0.8
229,1,4,0.8
229,2,4,0.8
229,3,3,0.6
229,4,3,0.6
229,5,3,0.6
229,6,4,0.8
229,7,3,0.6
229,8,4,0.8
229,9,4,0.8
229,10,4,0.8
229,11,2,0.4
229,12,4,0.8
229,13,5,1.0
229,14,4,0.8
229,15,3,0.6
229,16,3,0.6
229,17,4,0.8
733,1,4,0.8
733,2,3,0.6
733,3,3,0.6
733,4,3,0.6
733,5,4,0.8
733,6,3,0.6
733,7,3,0.6
733,8,3,0.6
733,9,4,0.8
733,10,3,0.6
733,11,3,0.6
733,12,4,0.8
733,13,3,0.6
733,14,3,0.6
733,15,4,0.8
733,16,3,0.6
733,17,3,0.6
727,1,5,1.0
727,2,5,1.0
727,3,3,0.6
727,4,4,0.8
727,5,4,0.8
727,6,5,1.0
727,7,5,1.0
727,8,5,1.0
727,9,5,1.0
727,10,4,0.8
727,11,3,0.6
727,12,4,0.8
727,13,4,0.8
727,14,5,1.0
727,15,3,0.6
727,16,4,0.8
727,17,3,0.6
654,1,4,0.8
654,2,5,1.0
654,3,3,0.6
654,4,4,0.8
654,5,3,0.6
654,6,2,0.4
654,7,3,0.6
654,8,3,0.6
654,9,4,0.8
654,10,3,0.6
654,11,1,0.2
654,12,4,0.8
654,13,3,0.6
654,14,3,0.6
654,15,2,0.4
654,16,3,0.6
654,17,4,0.8
38,1,5,1.0
38,2,5,1.0
38,3,3,0.6
38,4,4,0.8
38,5,5,1.0
38,6,5,1.0
38,7,5,1.0
38,8,4,0.8
38,9,5,1.0
38,10,4,0.8
38,11,3,0.6
38,12,4,0.8
38,13,4,0.8
38,14,4,0.8
38,15,4,0.8
38,16,4,0.8
38,17,4,0.8
610,1,4,0.8
610,2,4,0.8
610,3,3,0.6
610,4,2,0.4
610,5,3,0.6
610,6,1,0.2
610,7,2,0.4
610,8,2,0.4
610,9,4,0.8
610,10,2,0.4
610,11,2,0.4
610,12,4,0.8
610,13,3,0.6
610,14,3,0.6
610,15,3,0.6
610,16,3,0.6
610,17,4,0.8
357,1,5,1.0
357,2,5,1.0
357,3,3,0.6
357,4,4,0.8
357,5,4,0.8
357,6,4,0.8
357,7,5,1.0
357,8,4,0.8
357,9,4,0.8
357,10,4,0.8
357,11,4,0.8
357,12,3,0.6
357,13,2,0.4
357,14,3,0.6
357,15,3,0.6
357,16,2,0.4
357,17,3,0.6
585,1,5,1.0
585,2,5,1.0
585,3,3,0.6
585,4,4,0.8
585,5,4,0.8
585,6,4,0.8
585,7,5,1.0
585,8,4,0.8
585,9,5,1.0
585,10,5,1.0
585,11,4,0.8
585,12,5,1.0
585,13,3,0.6
585,14,3,0.6
585,15,4,0.8
585,16,2,0.4
585,17,3,0.6
546,1,4,0.8
546,2,4,0.8
546,3,3,0.6
546,4,4,0.8
546,5,4,0.8
546,6,4,0.8
546,7,5,1.0
546,8,4,0.8
546,9,5,1.0
546,10,3,0.6
546,11,3,0.6
546,12,4,0.8
546,13,4,0.8
546,14,3,0.6
546,15,3,0.6
546,16,3,0.6
546,17,4,0.8
354,1,4,0.8
354,2,3,0.6
354,3,2,0.4
354,4,3,0.6
354,5,3,0.6
354,6,4,0.8
354,7,5,1.0
354,8,3,0.6
354,9,5,1.0
354,10,2,0.4
354,11,4,0.8
354,12,4,0.8
354,13,3,0.6
354,14,3,0.6
354,15,3,0.6
354,16,3,0.6
354,17,3,0.6
318,1,5,1.0
318,2,5,1.0
318,3,3,0.6
318,4,3,0.6
318,5,4,0.8
318,6,4,0.8
318,7,4,0.8
318,8,4,0.8
318,9,5,1.0
318,10,4,0.8
318,11,4,0.8
318,12,4,0.8
318,13,5,1.0
318,14,4,0.8
318,15,3,0.6
318,16,1,0.2
318,17,4,0.8
15,1,5,1.0
15,2,5,1.0
15,3,3,0.6
15,4,4,0.8
15,5,4,0.8
15,6,4,0.8
15,7,5,1.0
15,8,5,1.0
15,9,5,1.0
15,10,4,0.8
15,11,5,1.0
15,12,5,1.0
15,13,5,1.0
15,14,5,1.0
15,15,3,0.6
15,16,3,0.6
15,17,5,1.0
612,1,5,1.0
612,2,5,1.0
612,3,3,0.6
612,4,3,0.6
612,5,4,0.8
612,6,5,1.0
612,7,5,1.0
612,8,4,0.8
612,9,5,1.0
612,10,3,0.6
612,11,3,0.6
612,12,5,1.0
612,13,4,0.8
612,14,3,0.6
612,15,4,0.8
612,16,2,0.4
612,17,3,0.6
671,1,5,1.0
671,2,5,1.0
671,3,3,0.6
671,4,4,0.8
671,5,5,1.0
671,6,5,1.0
671,7,5,1.0
671,8,4,0.8
671,9,5,1.0
671,10,4,0.8
671,11,4,0.8
671,12,5,1.0
671,13,3,0.6
671,14,3,0.6
671,15,3,0.6
671,16,3,0.6
671,17,3,0.6
157,1,5,1.0
157,2,4,0.8
157,3,3,0.6
157,4,4,0.8
157,5,4,0.8
157,6,4,0.8
157,7,4,0.8
157,8,4,0.8
157,9,3,0.6
157,10,4,0.8
157,11,3,0.6
157,12,5,1.0
157,13,5,1.0
157,14,4,0.8
157,15,2,0.4
157,16,5,1.0
157,17,4,0.8
341,1,5,1.0
341,2,5,1.0
341,3,4,0.8
341,4,4,0.8
341,5,4,0.8
341,6,5,1.0
341,7,5,1.0
341,8,5,1.0
341,9,5,1.0
341,10,5,1.0
341,11,4,0.8
341,12,4,0.8
341,13,4,0.8
341,14,3,0.6
341,15,3,0.6
341,16,4,0.8
341,17,5,1.0
21,1,5,1.0
21,2,5,1.0
21,3,4,0.8
21,4,4,0.8
21,5,5,1.0
21,6,5,1.0
21,7,5,1.0
21,8,5,1.0
21,9,5,1.0
21,10,5,1.0
21,11,4,0.8
21,12,5,1.0
21,13,5,1.0
21,14,4,0.8
21,15,4,0.8
21,16,3,0.6
21,17,3,0.6
706,1,5,1.0
706,2,5,1.0
706,3,3,0.6
706,4,3,0.6
706,5,4,0.8
706,6,4,0.8
706,7,3,0.6
706,8,4,0.8
706,9,4,0.8
706,10,5,1.0
706,11,3,0.6
706,12,4,0.8
706,13,3,0.6
706,14,4,0.8
706,15,3,0.6
706,16,4,0.8
706,17,3,0.6
549,1,5,1.0
549,2,4,0.8
549,3,3,0.6
549,4,3,0.6
549,5,4,0.8
549,6,4,0.8
549,7,4,0.8
549,8,4,0.8
549,9,4,0.8
549,10,4,0.8
549,11,3,0.6
549,12,5,1.0
549,13,4,0.8
549,14,3,0.6
549,15,4,0.8
549,16,3,0.6
549,17,3,0.6
402,1,5,1.0
402,2,5,1.0
402,3,3,0.6
402,4,4,0.8
402,5,4,0.8
402,6,4,0.8
402,7,5,1.0
402,8,5,1.0
402,9,5,1.0
402,10,5,1.0
402,11,2,0.4
402,12,5,1.0
402,13,3,0.6
402,14,4,0.8
402,15,3,0.6
402,16,3,0.6
402,17,4,0.8
450,1,4,0.8
450,2,5,1.0
450,3,3,0.6
450,4,4,0.8
450,5,4,0.8
450,6,3,0.6
450,7,4,0.8
450,8,4,0.8
450,9,5,1.0
450,10,5,1.0
450,11,4,0.8
450,12,5,1.0
450,13,4,0.8
450,14,3,0.6
450,15,3,0.6
450,16,4,0.8
450,17,3,0.6
424,1,5,1.0
424,2,4,0.8
424,3,4,0.8
424,4,3,0.6
424,5,4,0.8
424,6,5,1.0
424,7,5,1.0
424,8,4,0.8
424,9,4,0.8
424,10,5,1.0
424,11,3,0.6
424,12,5,1.0
424,13,5,1.0
424,14,4,0.8
424,15,3,0.6
424,16,4,0.8
424,17,2,0.4
664,1,5,1.0
664,2,4,0.8
664,3,3,0.6
664,4,3,0.6
664,5,4,0.8
664,6,5,1.0
664,7,4,0.8
664,8,4,0.8
664,9,4,0.8
664,10,4,0.8
664,11,4,0.8
664,12,4,0.8
664,13,3,0.6
664,14,3,0.6
664,15,2,0.4
664,16,3,0.6
664,17,4,0.8
743,1,5,1.0
743,2,4,0.8
743,3,3,0.6
743,4,3,0.6
743,5,4,0.8
743,6,5,1.0
743,7,4,0.8
743,8,4,0.8
743,9,4,0.8
743,10,3,0.6
743,11,3,0.6
743,12,5,1.0
743,13,3,0.6
743,14,4,0.8
743,15,4,0.8
743,16,2,0.4
743,17,3,0.6
47,1,5,1.0
47,2,5,1.0
47,3,3,0.6
47,4,3,0.6
47,5,4,0.8
47,6,5,1.0
47,7,5,1.0
47,8,5,1.0
47,9,5,1.0
47,10,4,0.8
47,11,5,1.0
47,12,5,1.0
47,13,5,1.0
47,14,5,1.0
47,15,4,0.8
47,16,3,0.6
47,17,3,0.6
673,1,5,1.0
673,2,5,1.0
673,3,3,0.6
673,4,3,0.6
673,5,4,0.8
673,6,4,0.8
673,7,5,1.0
673,8,4,0.8
673,9,5,1.0
673,10,4,0.8
673,11,4,0.8
673,12,4,0.8
673,13,3,0.6
673,14,4,0.8
673,15,4,0.8
673,16,3,0.6
673,17,3,0.6
535,1,4,0.8
535,2,4,0.8
535,3,3,0.6
535,4,4,0.8
535,5,4,0.8
535,6,4,0.8
535,7,5,1.0
535,8,3,0.6
535,9,5,1.0
535,10,4,0.8
535,11,3,0.6
535,12,5,1.0
535,13,4,0.8
535,14,4,0.8
535,15,5,1.0
535,16,3,0.6
535,17,3,0.6
536,1,5,1.0
536,2,5,1.0
536,3,3,0.6
536,4,3,0.6
536,5,4,0.8
536,6,5,1.0
536,7,4,0.8
536,8,5,1.0
536,9,5,1.0
536,10,5,1.0
536,11,3,0.6
536,12,5,1.0
536,13,3,0.6
536,14,3,0.6
536,15,3,0.6
536,16,4,0.8
536,17,3,0.6
319,1,4,0.8
319,2,5,1.0
319,3,3,0.6
319,4,4,0.8
319,5,4,0.8
319,6,3,0.6
319,7,5,1.0
319,8,4,0.8
319,9,4,0.8
319,10,4,0.8
319,11,3,0.6
319,12,5,1.0
319,13,3,0.6
319,14,4,0.8
319,15,3,0.6
319,16,3,0.6
319,17,4,0.8
651,1,4,0.8
651,2,5,1.0
651,3,3,0.6
651,4,4,0.8
651,5,4,0.8
651,6,5,1.0
651,7,4,0.8
651,8,5,1.0
651,9,5,1.0
651,10,3,0.6
651,11,3,0.6
651,12,4,0.8
651,13,4,0.8
651,14,3,0.6
651,15,3,0.6
651,16,3,0.6
651,17,4,0.8
521,1,5,1.0
521,2,5,1.0
521,3,4,0.8
521,4,4,0.8
521,5,4,0.8
521,6,4,0.8
521,7,5,1.0
521,8,4,0.8
521,9,4,0.8
521,10,3,0.6
521,11,3,0.6
521,12,5,1.0
521,13,4,0.8
521,14,4,0.8
521,15,2,0.4
521,16,2,0.4
521,17,3,0.6
390,1,5,1.0
390,2,5,1.0
390,3,3,0.6
390,4,4,0.8
390,5,4,0.8
390,6,5,1.0
390,7,4,0.8
390,8,5,1.0
390,9,5,1.0
390,10,5,1.0
390,11,3,0.6
390,12,5,1.0
390,13,3,0.6
390,14,4,0.8
390,15,3,0.6
390,16,3,0.6
390,17,4,0.8
551,1,5,1.0
551,2,4,0.8
551,3,3,0.6
551,4,3,0.6
551,5,4,0.8
551,6,3,0.6
551,7,4,0.8
551,8,5,1.0
551,9,5,1.0
551,10,4,0.8
551,11,4,0.8
551,12,5,1.0
551,13,3,0.6
551,14,4,0.8
551,15,3,0.6
551,16,4,0.8
551,17,3,0.6
239,1,5,1.0
239,2,5,1.0
239,3,4,0.8
239,4,4,0.8
239,5,4,0.8
239,6,4,0.8
239,7,5,1.0
239,8,5,1.0
239,9,5,1.0
239,10,4,0.8
239,11,3,0.6
239,12,5,1.0
239,13,4,0.8
239,14,3,0.6
239,15,4,0.8
239,16,2,0.4
239,17,3,0.6
575,1,4,0.8
575,2,5,1.0
575,3,3,0.6
575,4,3,0.6
575,5,4,0.8
575,6,4,0.8
575,7,5,1.0
575,8,4,0.8
575,9,4,0.8
575,10,5,1.0
575,11,4,0.8
575,12,5,1.0
575,13,4,0.8
575,14,3,0.6
575,15,3,0.6
575,16,3,0.6
575,17,4,0.8
712,1,5,1.0
712,2,5,1.0
712,3,3,0.6
712,4,4,0.8
712,5,4,0.8
712,6,5,1.0
712,7,4,0.8
712,8,4,0.8
712,9,5,1.0
712,10,4,0.8
712,11,3,0.6
712,12,5,1.0
712,13,3,0.6
712,14,3,0.6
712,15,4,0.8
712,16,3,0.6
712,17,4,0.8
350,1,4,0.8
350,2,5,1.0
350,3,3,0.6
350,4,4,0.8
350,5,4,0.8
350,6,3,0.6
350,7,5,1.0
350,8,4,0.8
350,9,4,0.8
350,10,3,0.6
350,11,3,0.6
350,12,4,0.8
350,13,3,0.6
350,14,4,0.8
350,15,3,0.6
350,16,3,0.6
350,17,4,0.8
701,1,5,1.0
701,2,5,1.0
701,3,3,0.6
701,4,3,0.6
701,5,4,0.8
701,6,4,0.8
701,7,5,1.0
701,8,5,1.0
701,9,5,1.0
701,10,4,0.8
701,11,3,0.6
701,12,5,1.0
701,13,4,0.8
701,14,4,0.8
701,15,3,0.6
701,16,3,0.6
701,17,5,1.0
238,1,5,1.0
238,2,4,0.8
238,3,3,0.6
238,4,3,0.6
238,5,4,0.8
238,6,3,0.6
238,7,5,1.0
238,8,4,0.8
238,9,5,1.0
238,10,3,0.6
238,11,3,0.6
238,12,4,0.8
238,13,4,0.8
238,14,4,0.8
238,15,4,0.8
238,16,3,0.6
238,17,3,0.6
393,1,5,1.0
393,2,5,1.0
393,3,4,0.8
393,4,4,0.8
393,5,4,0.8
393,6,5,1.0
393,7,5,1.0
393,8,4,0.8
393,9,5,1.0
393,10,5,1.0
393,11,4,0.8
393,12,5,1.0
393,13,3,0.6
393,14,3,0.6
393,15,4,0.8
393,16,3,0.6
393,17,3,0.6
557,1,5,1.0
557,2,5,1.0
557,3,3,0.6
557,4,3,0.6
557,5,4,0.8
557,6,4,0.8
557,7,4,0.8
557,8,4,0.8
557,9,5,1.0
557,10,4,0.8
557,11,4,0.8
557,12,5,1.0
557,13,3,0.6
557,14,3,0.6
557,15,3,0.6
557,16,3,0.6
557,17,3,0.6
525,1,4,0.8
525,2,3,0.6
525,3,3,0.6
525,4,3,0.6
525,5,4,0.8
525,6,4,0.8
525,7,5,1.0
525,8,3,0.6
525,9,4,0.8
525,10,3,0.6
525,11,3,0.6
525,12,4,0.8
525,13,3,0.6
525,14,4,0.8
525,15,3,0.6
525,16,2,0.4
525,17,3,0.6
213,1,5,1.0
213,2,5,1.0
213,3,3,0.6
213,4,3,0.6
213,5,4,0.8
213,6,4,0.8
213,7,4,0.8
213,8,5,1.0
213,9,5,1.0
213,10,5,1.0
213,11,3,0.6
213,12,4,0.8
213,13,5,1.0
213,14,5,1.0
213,15,3,0.6
213,16,5,1.0
213,17,3,0.6
421,1,5,1.0
421,2,5,1.0
421,3,4,0.8
421,4,4,0.8
421,5,4,0.8
421,6,4,0.8
421,7,5,1.0
421,8,5,1.0
421,9,5,1.0
421,10,5,1.0
421,11,5,1.0
421,12,4,0.8
421,13,3,0.6
421,14,4,0.8
421,15,3,0.6
421,16,3,0.6
421,17,3,0.6
65,1,5,1.0
65,2,5,1.0
65,3,3,0.6
65,4,4,0.8
65,5,4,0.8
65,6,5,1.0
65,7,5,1.0
65,8,5,1.0
65,9,5,1.0
65,10,5,1.0
65,11,4,0.8
65,12,5,1.0
65,13,4,0.8
65,14,4,0.8
65,15,5,1.0
65,16,4,0.8
65,17,4,0.8
414,1,4,0.8
414,2,5,1.0
414,3,3,0.6
414,4,3,0.6
414,5,4,0.8
414,6,4,0.8
414,7,4,0.8
414,8,4,0.8
414,9,4,0.8
414,10,3,0.6
414,11,3,0.6
414,12,5,1.0
414,13,4,0.8
414,14,2,0.4
414,15,3,0.6
414,16,1,0.2
414,17,3,0.6
322,1,5,1.0
322,2,5,1.0
322,3,3,0.6
322,4,4,0.8
322,5,4,0.8
322,6,4,0.8
322,7,5,1.0
322,8,4,0.8
322,9,5,1.0
322,10,4,0.8
322,11,3,0.6
322,12,5,1.0
322,13,4,0.8
322,14,3,0.6
322,15,3,0.6
322,16,4,0.8
322,17,4,0.8
643,1,4,0.8
643,2,5,1.0
643,3,4,0.8
643,4,4,0.8
643,5,4,0.8
643,6,5,1.0
643,7,5,1.0
643,8,4,0.8
643,9,5,1.0
643,10,4,0.8
643,11,4,0.8
643,12,4,0.8
643,13,4,0.8
643,14,4,0.8
643,15,2,0.4
643,16,2,0.4
643,17,5,1.0
249,1,5,1.0
249,2,5,1.0
249,3,3,0.6
249,4,3,0.6
249,5,4,0.8
249,6,5,1.0
249,7,4,0.8
249,8,4,0.8
249,9,5,1.0
249,10,4,0.8
249,11,3,0.6
249,12,5,1.0
249,13,5,1.0
249,14,4,0.8
249,15,3,0.6
249,16,4,0.8
249,17,3,0.6
511,1,5,1.0
511,2,5,1.0
511,3,3,0.6
511,4,3,0.6
511,5,4,0.8
511,6,4,0.8
511,7,4,0.8
511,8,4,0.8
511,9,5,1.0
511,10,4,0.8
511,11,3,0.6
511,12,4,0.8
511,13,4,0.8
511,14,4,0.8
511,15,3,0.6
511,16,2,0.4
511,17,4,0.8
257,1,5,1.0
257,2,5,1.0
257,3,3,0.6
257,4,4,0.8
257,5,4,0.8
257,6,4,0.8
257,7,5,1.0
257,8,5,1.0
257,9,5,1.0
257,10,5,1.0
257,11,4,0.8
257,12,5,1.0
257,13,5,1.0
257,14,3,0.6
257,15,3,0.6
257,16,3,0.6
257,17,3,0.6
746,1,5,1.0
746,2,5,1.0
746,3,4,0.8
746,4,4,0.8
746,5,4,0.8
746,6,4,0.8
746,7,4,0.8
746,8,5,1.0
746,9,5,1.0
746,10,5,1.0
746,11,4,0.8
746,12,5,1.0
746,13,3,0.6
746,14,4,0.8
746,15,4,0.8
746,16,4,0.8
746,17,3,0.6
411,1,5,1.0
411,2,4,0.8
411,3,3,0.6
411,4,4,0.8
411,5,4,0.8
411,6,4,0.8
411,7,5,1.0
411,8,4,0.8
411,9,4,0.8
411,10,4,0.8
411,11,4,0.8
411,12,4,0.8
411,13,3,0.6
411,14,3,0.6
411,15,2,0.4
411,16,3,0.6
411,17,4,0.8
676,1,5,1.0
676,2,5,1.0
676,3,3,0.6
676,4,4,0.8
676,5,5,1.0
676,6,5,1.0
676,7,5,1.0
676,8,5,1.0
676,9,5,1.0
676,10,4,0.8
676,11,3,0.6
676,12,5,1.0
676,13,3,0.6
676,14,3,0.6
676,15,4,0.8
676,16,4,0.8
676,17,4,0.8
640,1,5,1.0
640,2,5,1.0
640,3,3,0.6
640,4,3,0.6
640,5,4,0.8
640,6,3,0.6
640,7,4,0.8
640,8,3,0.6
640,9,4,0.8
640,10,4,0.8
640,11,3,0.6
640,12,5,1.0
640,13,3,0.6
640,14,5,1.0
640,15,3,0.6
640,16,3,0.6
640,17,4,0.8
589,1,5,1.0
589,2,5,1.0
589,3,4,0.8
589,4,4,0.8
589,5,5,1.0
589,6,5,1.0
589,7,5,1.0
589,8,4,0.8
589,9,4,0.8
589,10,4,0.8
589,11,4,0.8
589,12,4,0.8
589,13,4,0.8
589,14,3,0.6
589,15,4,0.8
589,16,3,0.6
589,17,4,0.8
605,1,5,1.0
605,2,5,1.0
605,3,3,0.6
605,4,4,0.8
605,5,4,0.8
605,6,4,0.8
605,7,4,0.8
605,8,3,0.6
605,9,5,1.0
605,10,3,0.6
605,11,3,0.6
605,12,5,1.0
605,13,3,0.6
605,14,4,0.8
605,15,3,0.6
605,16,3,0.6
605,17,3,0.6
665,1,5,1.0
665,2,5,1.0
665,3,3,0.6
665,4,3,0.6
665,5,3,0.6
665,6,4,0.8
665,7,5,1.0
665,8,5,1.0
665,9,5,1.0
665,10,4,0.8
665,11,2,0.4
665,12,4,0.8
665,13,4,0.8
665,14,4,0.8
665,15,3,0.6
665,16,3,0.6
665,17,3,0.6
590,1,4,0.8
590,2,5,1.0
590,3,4,0.8
590,4,3,0.6
590,5,4,0.8
590,6,5,1.0
590,7,4,0.8
590,8,5,1.0
590,9,4,0.8
590,10,4,0.8
590,11,4,0.8
590,12,5,1.0
590,13,4,0.8
590,14,4,0.8
590,15,3,0.6
590,16,3,0.6
590,17,2,0.4
717,1,5,1.0
717,2,5,1.0
717,3,3,0.6
717,4,4,0.8
717,5,4,0.8
717,6,4,0.8
717,7,4,0.8
717,8,4,0.8
717,9,5,1.0
717,10,3,0.6
717,11,3,0.6
717,12,3,0.6
717,13,3,0.6
717,14,4,0.8
717,15,3,0.6
717,16,3,0.6
717,17,4,0.8
443,1,5,1.0
443,2,4,0.8
443,3,3,0.6
443,4,3,0.6
443,5,4,0.8
443,6,5,1.0
443,7,5,1.0
443,8,3,0.6
443,9,4,0.8
443,10,4,0.8
443,11,4,0.8
443,12,5,1.0
443,13,4,0.8
443,14,3,0.6
443,15,3,0.6
443,16,3,0.6
443,17,3,0.6
542,1,5,1.0
542,2,5,1.0
542,3,4,0.8
542,4,3,0.6
542,5,4,0.8
542,6,4,0.8
542,7,5,1.0
542,8,5,1.0
542,9,5,1.0
542,10,4,0.8
542,11,3,0.6
542,12,3,0.6
542,13,4,0.8
542,14,3,0.6
542,15,2,0.4
542,16,3,0.6
542,17,3,0.6
723,1,5,1.0
723,2,5,1.0
723,3,3,0.6
723,4,4,0.8
723,5,4,0.8
723,6,5,1.0
723,7,5,1.0
723,8,5,1.0
723,9,5,1.0
723,10,4,0.8
723,11,4,0.8
723,12,5,1.0
723,13,4,0.8
723,14,4,0.8
723,15,4,0.8
723,16,3,0.6
723,17,4,0.8
571,1,5,1.0
571,2,5,1.0
571,3,4,0.8
571,4,4,0.8
571,5,4,0.8
571,6,4,0.8
571,7,5,1.0
571,8,4,0.8
571,9,5,1.0
571,10,5,1.0
571,11,3,0.6
571,12,5,1.0
571,13,3,0.6
571,14,3,0.6
571,15,4,0.8
571,16,3,0.6
571,17,4,0.8
292,1,5,1.0
292,2,4,0.8
292,3,3,0.6
292,4,3,0.6
292,5,4,0.8
292,6,4,0.8
292,7,5,1.0
292,8,4,0.8
292,9,5,1.0
292,10,3,0.6
292,11,4,0.8
292,12,4,0.8
292,13,3,0.6
292,14,4,0.8
292,15,3,0.6
292,16,2,0.4
292,17,3,0.6
440,1,5,1.0
440,2,5,1.0
440,3,4,0.8
440,4,4,0.8
440,5,4,0.8
440,6,5,1.0
440,7,4,0.8
440,8,4,0.8
440,9,5,1.0
440,10,4,0.8
440,11,4,0.8
440,12,4,0.8
440,13,4,0.8
440,14,3,0.6
440,15,3,0.6
440,16,3,0.6
440,17,3,0.6
103,1,4,0.8
103,2,5,1.0
103,3,3,0.6
103,4,3,0.6
103,5,4,0.8
103,6,3,0.6
103,7,4,0.8
103,8,5,1.0
103,9,5,1.0
103,10,5,1.0
103,11,3,0.6
103,12,4,0.8
103,13,5,1.0
103,14,4,0.8
103,15,4,0.8
103,16,3,0.6
103,17,3,0.6
386,1,5,1.0
386,2,5,1.0
386,3,3,0.6
386,4,4,0.8
386,5,5,1.0
386,6,4,0.8
386,7,4,0.8
386,8,4,0.8
386,9,5,1.0
386,10,3,0.6
386,11,5,1.0
386,12,4,0.8
386,13,4,0.8
386,14,4,0.8
386,15,3,0.6
386,16,2,0.4
386,17,4,0.8
501,1,4,0.8
501,2,5,1.0
501,3,3,0.6
501,4,3,0.6
501,5,4,0.8
501,6,4,0.8
501,7,4,0.8
501,8,3,0.6
501,9,5,1.0
501,10,4,0.8
501,11,4,0.8
501,12,5,1.0
501,13,4,0.8
501,14,3,0.6
501,15,3,0.6
501,16,2,0.4
501,17,3,0.6
477,1,5,1.0
477,2,5,1.0
477,3,3,0.6
477,4,3,0.6
477,5,4,0.8
477,6,5,1.0
477,7,4,0.8
477,8,3,0.6
477,9,4,0.8
477,10,4,0.8
477,11,3,0.6
477,12,5,1.0
477,13,4,0.8
477,14,4,0.8
477,15,3,0.6
477,16,2,0.4
477,17,4,0.8
160,1,5,1.0
160,2,5,1.0
160,3,3,0.6
160,4,4,0.8
160,5,4,0.8
160,6,4,0.8
160,7,4,0.8
160,8,4,0.8
160,9,4,0.8
160,10,4,0.8
160,11,3,0.6
160,12,5,1.0
160,13,5,1.0
160,14,4,0.8
160,15,5,1.0
160,16,2,0.4
160,17,4,0.8
446,1,5,1.0
446,2,4,0.8
446,3,3,0.6
446,4,4,0.8
446,5,4,0.8
446,6,5,1.0
446,7,4,0.8
446,8,5,1.0
446,9,5,1.0
446,10,4,0.8
446,11,4,0.8
446,12,5,1.0
446,13,4,0.8
446,14,3,0.6
446,15,3,0.6
446,16,3,0.6
446,17,4,0.8
457,1,4,0.8
457,2,5,1.0
457,3,3,0.6
457,4,3,0.6
457,5,4,0.8
457,6,3,0.6
457,7,4,0.8
457,8,3,0.6
457,9,5,1.0
457,10,4,0.8
457,11,3,0.6
457,12,5,1.0
457,13,3,0.6
457,14,3,0.6
457,15,3,0.6
457,16,3,0.6
457,17,3,0.6
171,1,5,1.0
171,2,5,1.0
171,3,3,0.6
171,4,4,0.8
171,5,4,0.8
171,6,4,0.8
171,7,5,1.0
171,8,5,1.0
171,9,5,1.0
171,10,5,1.0
171,11,5,1.0
171,12,4,0.8
171,13,4,0.8
171,14,3,0.6
171,15,3,0.6
171,16,3,0.6
171,17,3,0.6
112,1,5,1.0
112,2,5,1.0
112,3,3,0.6
112,4,4,0.8
112,5,5,1.0
112,6,5,1.0
112,7,5,1.0
112,8,5,1.0
112,9,5,1.0
112,10,5,1.0
112,11,4,0.8
112,12,4,0.8
112,13,4,0.8
112,14,4,0.8
112,15,4,0.8
112,16,4,0.8
112,17,4,0.8
617,1,4,0.8
617,2,5,1.0
617,3,3,0.6
617,4,3,0.6
617,5,4,0.8
617,6,4,0.8
617,7,4,0.8
617,8,3,0.6
617,9,4,0.8
617,10,4,0.8
617,11,3,0.6
617,12,5,1.0
617,13,4,0.8
617,14,4,0.8
617,15,3,0.6
617,16,4,0.8
617,17,2,0.4
719,1,5,1.0
719,2,5,1.0
719,3,3,0.6
719,4,4,0.8
719,5,4,0.8
719,6,4,0.8
719,7,5,1.0
719,8,5,1.0
719,9,5,1.0
719,10,5,1.0
719,11,4,0.8
719,12,4,0.8
719,13,5,1.0
719,14,3,0.6
719,15,3,0.6
719,16,3,0.6
719,17,2,0.4
492,1,5,1.0
492,2,4,0.8
492,3,3,0.6
492,4,4,0.8
492,5,4,0.8
492,6,5,1.0
492,7,4,0.8
492,8,5,1.0
492,9,4,0.8
492,10,4,0.8
492,11,3,0.6
492,12,4,0.8
492,13,4,0.8
492,14,4,0.8
492,15,4,0.8
492,16,4,0.8
492,17,3,0.6
131,1,5,1.0
131,2,5,1.0
131,3,4,0.8
131,4,4,0.8
131,5,4,0.8
131,6,5,1.0
131,7,5,1.0
131,8,5,1.0
131,9,5,1.0
131,10,4,0.8
131,11,5,1.0
131,12,5,1.0
131,13,5,1.0
131,14,4,0.8
131,15,3,0.6
131,16,4,0.8
131,17,4,0.8
78,1,5,1.0
78,2,5,1.0
78,3,3,0.6
78,4,4,0.8
78,5,4,0.8
78,6,5,1.0
78,7,4,0.8
78,8,5,1.0
78,9,5,1.0
78,10,4,0.8
78,11,3,0.6
78,12,5,1.0
78,13,5,1.0
78,14,4,0.8
78,15,3,0.6
78,16,3,0.6
78,17,4,0.8
98,1,5,1.0
98,2,5,1.0
98,3,4,0.8
98,4,4,0.8
98,5,4,0.8
98,6,5,1.0
98,7,5,1.0
98,8,5,1.0
98,9,5,1.0
98,10,5,1.0
98,11,4,0.8
98,12,4,0.8
98,13,3,0.6
98,14,4,0.8
98,15,4,0.8
98,16,4,0.8
98,17,3,0.6
704,1,5,1.0
704,2,5,1.0
704,3,4,0.8
704,4,4,0.8
704,5,4,0.8
704,6,5,1.0
704,7,5,1.0
704,8,5,1.0
704,9,5,1.0
704,10,4,0.8
704,11,3,0.6
704,12,5,1.0
704,13,5,1.0
704,14,3,0.6
704,15,4,0.8
704,16,3,0.6
704,17,3,0.6
362,1,5,1.0
362,2,5,1.0
362,3,3,0.6
362,4,4,0.8
362,5,4,0.8
362,6,5,1.0
362,7,5,1.0
362,8,4,0.8
362,9,5,1.0
362,10,3,0.6
362,11,4,0.8
362,12,4,0.8
362,13,4,0.8
362,14,3,0.6
362,15,3,0.6
362,16,2,0.4
362,17,3,0.6
687,1,5,1.0
687,2,5,1.0
687,3,4,0.8
687,4,4,0.8
687,5,4,0.8
687,6,4,0.8
687,7,5,1.0
687,8,5,1.0
687,9,5,1.0
687,10,4,0.8
687,11,4,0.8
687,12,5,1.0
687,13,3,0.6
687,14,4,0.8
687,15,3,0.6
687,16,2,0.4
687,17,3,0.6
173,1,5,1.0
173,2,5,1.0
173,3,3,0.6
173,4,3,0.6
173,5,4,0.8
173,6,4,0.8
173,7,4,0.8
173,8,5,1.0
173,9,5,1.0
173,10,4,0.8
173,11,4,0.8
173,12,5,1.0
173,13,4,0.8
173,14,2,0.4
173,15,4,0.8
173,16,3,0.6
173,17,3,0.6
310,1,5,1.0
310,2,4,0.8
310,3,3,0.6
310,4,4,0.8
310,5,4,0.8
310,6,3,0.6
310,7,5,1.0
310,8,3,0.6
310,9,4,0.8
310,10,3,0.6
310,11,3,0.6
310,12,4,0.8
310,13,4,0.8
310,14,3,0.6
310,15,2,0.4
310,16,3,0.6
310,17,3,0.6
756,1,5,1.0
756,2,5,1.0
756,3,3,0.6
756,4,4,0.8
756,5,4,0.8
756,6,3,0.6
756,7,5,1.0
756,8,4,0.8
756,9,5,1.0
756,10,5,1.0
756,11,4,0.8
756,12,5,1.0
756,13,4,0.8
756,14,4,0.8
756,15,4,0.8
756,16,3,0.6
756,17,3,0.6
766,1,5,1.0
766,2,5,1.0
766,3,4,0.8
766,4,4,0.8
766,5,4,0.8
766,6,4,0.8
766,7,4,0.8
766,8,4,0.8
766,9,4,0.8
766,10,3,0.6
766,11,3,0.6
766,12,5,1.0
766,13,4,0.8
766,14,3,0.6
766,15,4,0.8
766,16,2,0.4
766,17,2,0.4
761,1,5,1.0
761,2,5,1.0
761,3,3,0.6
761,4,4,0.8
761,5,4,0.8
761,6,4,0.8
761,7,4,0.8
761,8,4,0.8
761,9,4,0.8
761,10,4,0.8
761,11,4,0.8
761,12,4,0.8
761,13,4,0.8
761,14,4,0.8
761,15,4,0.8
761,16,3,0.6
761,17,4,0.8
656,1,5,1.0
656,2,5,1.0
656,3,4,0.8
656,4,4,0.8
656,5,4,0.8
656,6,4,0.8
656,7,4,0.8
656,8,4,0.8
656,9,4,0.8
656,10,5,1.0
656,11,4,0.8
656,12,5,1.0
656,13,3,0.6
656,14,3,0.6
656,15,4,0.8
656,16,2,0.4
656,17,4,0.8
128,1,5,1.0
128,2,5,1.0
128,3,4,0.8
128,4,4,0.8
128,5,4,0.8
128,6,5,1.0
128,7,5,1.0
128,8,5,1.0
128,9,5,1.0
128,10,4,0.8
128,11,4,0.8
128,12,4,0.8
128,13,3,0.6
128,14,5,1.0
128,15,2,0.4
128,16,3,0.6
128,17,3,0.6
537,1,5,1.0
537,2,5,1.0
537,3,3,0.6
537,4,4,0.8
537,5,4,0.8
537,6,5,1.0
537,7,4,0.8
537,8,4,0.8
537,9,5,1.0
537,10,4,0.8
537,11,4,0.8
537,12,4,0.8
537,13,4,0.8
537,14,3,0.6
537,15,4,0.8
537,16,3,0.6
537,17,3,0.6
515,1,5,1.0
515,2,4,0.8
515,3,2,0.4
515,4,4,0.8
515,5,4,0.8
515,6,4,0.8
515,7,3,0.6
515,8,3,0.6
515,9,4,0.8
515,10,5,1.0
515,11,3,0.6
515,12,5,1.0
515,13,3,0.6
515,14,4,0.8
515,15,3,0.6
515,16,4,0.8
515,17,4,0.8
383,1,5,1.0
383,2,5,1.0
383,3,3,0.6
383,4,3,0.6
383,5,4,0.8
383,6,5,1.0
383,7,4,0.8
383,8,4,0.8
383,9,4,0.8
383,10,5,1.0
383,11,3,0.6
383,12,4,0.8
383,13,3,0.6
383,14,4,0.8
383,15,4,0.8
383,16,2,0.4
383,17,3,0.6
722,1,4,0.8
722,2,3,0.6
722,3,3,0.6
722,4,3,0.6
722,5,4,0.8
722,6,4,0.8
722,7,4,0.8
722,8,4,0.8
722,9,3,0.6
722,10,3,0.6
722,11,3,0.6
722,12,4,0.8
722,13,3,0.6
722,14,4,0.8
722,15,4,0.8
722,16,4,0.8
722,17,4,0.8
192,1,5,1.0
192,2,5,1.0
192,3,3,0.6
192,4,3,0.6
192,5,4,0.8
192,6,4,0.8
192,7,5,1.0
192,8,4,0.8
192,9,5,1.0
192,10,4,0.8
192,11,3,0.6
192,12,5,1.0
192,13,5,1.0
192,14,3,0.6
192,15,2,0.4
192,16,2,0.4
192,17,3,0.6
94,1,4,0.8
94,2,5,1.0
94,3,4,0.8
94,4,4,0.8
94,5,4,0.8
94,6,5,1.0
94,7,4,0.8
94,8,4,0.8
94,9,5,1.0
94,10,5,1.0
94,11,4,0.8
94,12,5,1.0
94,13,5,1.0
94,14,3,0.6
94,15,3,0.6
94,16,4,0.8
94,17,4,0.8
679,1,5,1.0
679,2,5,1.0
679,3,3,0.6
679,4,4,0.8
679,5,4,0.8
679,6,5,1.0
679,7,3,0.6
679,8,4,0.8
679,9,4,0.8
679,10,3,0.6
679,11,4,0.8
679,12,4,0.8
679,13,3,0.6
679,14,3,0.6
679,15,3,0.6
679,16,4,0.8
679,17,3,0.6
365,1,5,1.0
365,2,5,1.0
365,3,3,0.6
365,4,4,0.8
365,5,4,0.8
365,6,5,1.0
365,7,4,0.8
365,8,4,0.8
365,9,5,1.0
365,10,4,0.8
365,11,3,0.6
365,12,5,1.0
365,13,3,0.6
365,14,3,0.6
365,15,3,0.6
365,16,4,0.8
365,17,4,0.8
297,1,5,1.0
297,2,5,1.0
297,3,3,0.6
297,4,4,0.8
297,5,4,0.8
297,6,3,0.6
297,7,4,0.8
297,8,5,1.0
297,9,5,1.0
297,10,3,0.6
297,11,4,0.8
297,12,5,1.0
297,13,3,0.6
297,14,4,0.8
297,15,4,0.8
297,16,4,0.8
297,17,4,0.8
400,1,5,1.0
400,2,4,0.8
400,3,3,0.6
400,4,3,0.6
400,5,4,0.8
400,6,4,0.8
400,7,5,1.0
400,8,4,0.8
400,9,4,0.8
400,10,4,0.8
400,11,3,0.6
400,12,4,0.8
400,13,4,0.8
400,14,3,0.6
400,15,3,0.6
400,16,4,0.8
400,17,4,0.8
415,1,4,0.8
415,2,5,1.0
415,3,3,0.6
415,4,3,0.6
415,5,4,0.8
415,6,4,0.8
415,7,4,0.8
415,8,4,0.8
415,9,4,0.8
415,10,4,0.8
415,11,3,0.6
415,12,5,1.0
415,13,4,0.8
415,14,4,0.8
415,15,3,0.6
415,16,3,0.6
415,17,3,0.6
475,1,4,0.8
475,2,5,1.0
475,3,3,0.6
475,4,3,0.6
475,5,4,0.8
475,6,5,1.0
475,7,4,0.8
475,8,3,0.6
475,9,3,0.6
475,10,3,0.6
475,11,4,0.8
475,12,4,0.8
475,13,5,1.0
475,14,3,0.6
475,15,4,0.8
475,16,3,0.6
475,17,4,0.8
186,1,5,1.0
186,2,5,1.0
186,3,3,0.6
186,4,4,0.8
186,5,4,0.8
186,6,4,0.8
186,7,5,1.0
186,8,5,1.0
186,9,5,1.0
186,10,5,1.0
186,11,4,0.8
186,12,5,1.0
186,13,4,0.8
186,14,4,0.8
186,15,2,0.4
186,16,3,0.6
186,17,3,0.6
345,1,5,1.0
345,2,5,1.0
345,3,3,0.6
345,4,3,0.6
345,5,4,0.8
345,6,4,0.8
345,7,4,0.8
345,8,5,1.0
345,9,5,1.0
345,10,5,1.0
345,11,4,0.8
345,12,5,1.0
345,13,3,0.6
345,14,3,0.6
345,15,3,0.6
345,16,3,0.6
345,17,4,0.8
434,1,4,0.8
434,2,5,1.0
434,3,4,0.8
434,4,3,0.6
434,5,4,0.8
434,6,5,1.0
434,7,5,1.0
434,8,4,0.8
434,9,4,0.8
434,10,4,0.8
434,11,5,1.0
434,12,3,0.6
434,13,3,0.6
434,14,3,0.6
434,15,3,0.6
434,16,2,0.4
434,17,4,0.8
30,1,5,1.0
30,2,5,1.0
30,3,3,0.6
30,4,4,0.8
30,5,4,0.8
30,6,5,1.0
30,7,5,1.0
30,8,5,1.0
30,9,4,0.8
30,10,4,0.8
30,11,3,0.6
30,12,5,1.0
30,13,4,0.8
30,14,5,1.0
30,15,4,0.8
30,16,4,0.8
30,17,4,0.8
559,1,5,1.0
559,2,4,0.8
559,3,3,0.6
559,4,3,0.6
559,5,4,0.8
559,6,3,0.6
559,7,5,1.0
559,8,4,0.8
559,9,4,0.8
559,10,4,0.8
559,11,2,0.4
559,12,4,0.8
559,13,4,0.8
559,14,3,0.6
559,15,3,0.6
559,16,3,0.6
559,17,3,0.6
209,1,4,0.8
209,2,5,1.0
209,3,3,0.6
209,4,4,0.8
209,5,4,0.8
209,6,4,0.8
209,7,4,0.8
209,8,5,1.0
209,9,5,1.0
209,10,4,0.8
209,11,2,0.4
209,12,5,1.0
209,13,4,0.8
209,14,3,0.6
209,15,3,0.6
209,16,4,0.8
209,17,4,0.8
58,1,5,1.0
58,2,5,1.0
58,3,4,0.8
58,4,4,0.8
58,5,5,1.0
58,6,5,1.0
58,7,5,1.0
58,8,5,1.0
58,9,5,1.0
58,10,5,1.0
58,11,5,1.0
58,12,5,1.0
58,13,5,1.0
58,14,4,0.8
58,15,4,0.8
58,16,3,0.6
58,17,4,0.8
293,1,4,0.8
293,2,5,1.0
293,3,3,0.6
293,4,3,0.6
293,5,3,0.6
293,6,4,0.8
293,7,5,1.0
293,8,4,0.8
293,9,5,1.0
293,10,5,1.0
293,11,4,0.8
293,12,4,0.8
293,13,3,0.6
293,14,3,0.6
293,15,3,0.6
293,16,3,0.6
293,17,5,1.0
79,1,5,1.0
79,2,5,1.0
79,3,4,0.8
79,4,4,0.8
79,5,4,0.8
79,6,5,1.0
79,7,5,1.0
79,8,5,1.0
79,9,4,0.8
79,10,5,1.0
79,11,5,1.0
79,12,5,1.0
79,13,4,0.8
79,14,4,0.8
79,15,3,0.6
79,16,3,0.6
79,17,4,0.8
661,1,5,1.0
661,2,4,0.8
661,3,3,0.6
661,4,3,0.6
661,5,3,0.6
661,6,4,0.8
661,7,5,1.0
661,8,5,1.0
661,9,3,0.6
661,10,3,0.6
661,11,2,0.4
661,12,4,0.8
661,13,4,0.8
661,14,3,0.6
661,15,5,1.0
661,16,4,0.8
661,17,3,0.6
216,1,5,1.0
216,2,5,1.0
216,3,3,0.6
216,4,4,0.8
216,5,4,0.8
216,6,5,1.0
216,7,4,0.8
216,8,4,0.8
216,9,4,0.8
216,10,3,0.6
216,11,3,0.6
216,12,3,0.6
216,13,4,0.8
216,14,4,0.8
216,15,4,0.8
216,16,3,0.6
216,17,5,1.0
620,1,5,1.0
620,2,5,1.0
620,3,3,0.6
620,4,4,0.8
620,5,4,0.8
620,6,5,1.0
620,7,4,0.8
620,8,5,1.0
620,9,5,1.0
620,10,4,0.8
620,11,3,0.6
620,12,4,0.8
620,13,4,0.8
620,14,4,0.8
620,15,4,0.8
620,16,3,0.6
620,17,2,0.4
422,1,5,1.0
422,2,5,1.0
422,3,3,0.6
422,4,4,0.8
422,5,4,0.8
422,6,4,0.8
422,7,5,1.0
422,8,5,1.0
422,9,5,1.0
422,10,5,1.0
422,11,4,0.8
422,12,5,1.0
422,13,5,1.0
422,14,4,0.8
422,15,3,0.6
422,16,2,0.4
422,17,4,0.8
332,1,5,1.0
332,2,5,1.0
332,3,4,0.8
332,4,4,0.8
332,5,4,0.8
332,6,4,0.8
332,7,5,1.0
332,8,5,1.0
332,9,5,1.0
332,10,5,1.0
332,11,4,0.8
332,12,5,1.0
332,13,4,0.8
332,14,4,0.8
332,15,4,0.8
332,16,3,0.6
332,17,4,0.8
375,1,5,1.0
375,2,5,1.0
375,3,3,0.6
375,4,4,0.8
375,5,4,0.8
375,6,4,0.8
375,7,4,0.8
375,8,5,1.0
375,9,5,1.0
375,10,4,0.8
375,11,3,0.6
375,12,4,0.8
375,13,4,0.8
375,14,3,0.6
375,15,3,0.6
375,16,4,0.8
375,17,3,0.6
177,1,5,1.0
177,2,5,1.0
177,3,3,0.6
177,4,4,0.8
177,5,4,0.8
177,6,4,0.8
177,7,4,0.8
177,8,4,0.8
177,9,4,0.8
177,10,4,0.8
177,11,3,0.6
177,12,5,1.0
177,13,4,0.8
177,14,4,0.8
177,15,2,0.4
177,16,3,0.6
177,17,3,0.6
329,1,5,1.0
329,2,5,1.0
329,3,3,0.6
329,4,4,0.8
329,5,4,0.8
329,6,4,0.8
329,7,4,0.8
329,8,4,0.8
329,9,3,0.6
329,10,4,0.8
329,11,3,0.6
329,12,5,1.0
329,13,4,0.8
329,14,4,0.8
329,15,4,0.8
329,16,3,0.6
329,17,4,0.8
121,1,5,1.0
121,2,5,1.0
121,3,4,0.8
121,4,4,0.8
121,5,4,0.8
121,6,4,0.8
121,7,4,0.8
121,8,5,1.0
121,9,5,1.0
121,10,3,0.6
121,11,4,0.8
121,12,5,1.0
121,13,3,0.6
121,14,4,0.8
121,15,3,0.6
121,16,3,0.6
121,17,3,0.6
227,1,4,0.8
227,2,5,1.0
227,3,3,0.6
227,4,3,0.6
227,5,4,0.8
227,6,4,0.8
227,7,4,0.8
227,8,4,0.8
227,9,4,0.8
227,10,4,0.8
227,11,3,0.6
227,12,5,1.0
227,13,3,0.6
227,14,3,0.6
227,15,3,0.6
227,16,3,0.6
227,17,4,0.8
607,1,5,1.0
607,2,5,1.0
607,3,3,0.6
607,4,3,0.6
607,5,4,0.8
607,6,5,1.0
607,7,4,0.8
607,8,4,0.8
607,9,4,0.8
607,10,3,0.6
607,11,4,0.8
607,12,5,1.0
607,13,3,0.6
607,14,4,0.8
607,15,4,0.8
607,16,3,0.6
607,17,4,0.8
348,1,5,1.0
348,2,5,1.0
348,3,3,0.6
348,4,3,0.6
348,5,4,0.8
348,6,5,1.0
348,7,4,0.8
348,8,5,1.0
348,9,5,1.0
348,10,4,0.8
348,11,4,0.8
348,12,5,1.0
348,13,3,0.6
348,14,4,0.8
348,15,3,0.6
348,16,3,0.6
348,17,5,1.0
24,1,5,1.0
24,2,5,1.0
24,3,4,0.8
24,4,5,1.0
24,5,4,0.8
24,6,5,1.0
24,7,5,1.0
24,8,5,1.0
24,9,5,1.0
24,10,5,1.0
24,11,4,0.8
24,12,5,1.0
24,13,5,1.0
24,14,4,0.8
24,15,4,0.8
24,16,5,1.0
24,17,4,0.8
61,1,5,1.0
61,2,5,1.0
61,3,3,0.6
61,4,4,0.8
61,5,4,0.8
61,6,4,0.8
61,7,5,1.0
61,8,5,1.0
61,9,4,0.8
61,10,4,0.8
61,11,4,0.8
61,12,5,1.0
61,13,5,1.0
61,14,5,1.0
61,15,4,0.8
61,16,4,0.8
61,17,4,0.8
461,1,5,1.0
461,2,5,1.0
461,3,3,0.6
461,4,4,0.8
461,5,4,0.8
461,6,5,1.0
461,7,5,1.0
461,8,5,1.0
461,9,5,1.0
461,10,5,1.0
461,11,4,0.8
461,12,4,0.8
461,13,3,0.6
461,14,4,0.8
461,15,2,0.4
461,16,2,0.4
461,17,3,0.6
336,1,5,1.0
336,2,5,1.0
336,3,3,0.6
336,4,3,0.6
336,5,4,0.8
336,6,3,0.6
336,7,5,1.0
336,8,4,0.8
336,9,4,0.8
336,10,4,0.8
336,11,4,0.8
336,12,4,0.8
336,13,3,0.6
336,14,3,0.6
336,15,4,0.8
336,16,3,0.6
336,17,3,0.6
196,1,5,1.0
196,2,5,1.0
196,3,3,0.6
196,4,4,0.8
196,5,4,0.8
196,6,5,1.0
196,7,5,1.0
196,8,5,1.0
196,9,5,1.0
196,10,5,1.0
196,11,4,0.8
196,12,5,1.0
196,13,4,0.8
196,14,3,0.6
196,15,3,0.6
196,16,3,0.6
196,17,4,0.8
273,1,5,1.0
273,2,5,1.0
273,3,3,0.6
273,4,4,0.8
273,5,4,0.8
273,6,4,0.8
273,7,5,1.0
273,8,4,0.8
273,9,5,1.0
273,10,4,0.8
273,11,4,0.8
273,12,5,1.0
273,13,3,0.6
273,14,3,0.6
273,15,2,0.4
273,16,3,0.6
273,17,3,0.6
236,1,5,1.0
236,2,3,0.6
236,3,3,0.6
236,4,4,0.8
236,5,4,0.8
236,6,4,0.8
236,7,4,0.8
236,8,3,0.6
236,9,5,1.0
236,10,4,0.8
236,11,3,0.6
236,12,4,0.8
236,13,4,0.8
236,14,3,0.6
236,15,2,0.4
236,16,2,0.4
236,17,4,0.8
278,1,5,1.0
278,2,5,1.0
278,3,3,0.6
278,4,3,0.6
278,5,4,0.8
278,6,4,0.8
278,7,4,0.8
278,8,4,0.8
278,9,4,0.8
278,10,4,0.8
278,11,2,0.4
278,12,4,0.8
278,13,5,1.0
278,14,2,0.4
278,15,3,0.6
278,16,3,0.6
278,17,3,0.6
376,1,5,1.0
376,2,5,1.0
376,3,3,0.6
376,4,4,0.8
376,5,4,0.8
376,6,4,0.8
376,7,4,0.8
376,8,4,0.8
376,9,4,0.8
376,10,3,0.6
376,11,3,0.6
376,12,5,1.0
376,13,3,0.6
376,14,3,0.6
376,15,2,0.4
376,16,3,0.6
376,17,3,0.6
396,1,5,1.0
396,2,4,0.8
396,3,3,0.6
396,4,4,0.8
396,5,4,0.8
396,6,3,0.6
396,7,4,0.8
396,8,4,0.8
396,9,4,0.8
396,10,4,0.8
396,11,3,0.6
396,12,5,1.0
396,13,4,0.8
396,14,4,0.8
396,15,4,0.8
396,16,3,0.6
396,17,3,0.6
505,1,4,0.8
505,2,4,0.8
505,3,2,0.4
505,4,3,0.6
505,5,4,0.8
505,6,4,0.8
505,7,3,0.6
505,8,4,0.8
505,9,3,0.6
505,10,2,0.4
505,11,2,0.4
505,12,4,0.8
505,13,3,0.6
505,14,3,0.6
505,15,3,0.6
505,16,3,0.6
505,17,2,0.4
359,1,5,1.0
359,2,5,1.0
359,3,3,0.6
359,4,3,0.6
359,5,4,0.8
359,6,5,1.0
359,7,5,1.0
359,8,4,0.8
359,9,4,0.8
359,10,5,1.0
359,11,4,0.8
359,12,5,1.0
359,13,5,1.0
359,14,3,0.6
359,15,3,0.6
359,16,2,0.4
359,17,4,0.8
721,1,5,1.0
721,2,5,1.0
721,3,3,0.6
721,4,3,0.6
721,5,5,1.0
721,6,4,0.8
721,7,4,0.8
721,8,5,1.0
721,9,4,0.8
721,10,4,0.8
721,11,3,0.6
721,12,5,1.0
721,13,4,0.8
721,14,3,0.6
721,15,3,0.6
721,16,2,0.4
721,17,3,0.6
666,1,5,1.0
666,2,5,1.0
666,3,4,0.8
666,4,4,0.8
666,5,4,0.8
666,6,4,0.8
666,7,4,0.8
666,8,4,0.8
666,9,3,0.6
666,10,4,0.8
666,11,4,0.8
666,12,4,0.8
666,13,4,0.8
666,14,3,0.6
666,15,3,0.6
666,16,3,0.6
666,17,3,0.6
234,1,4,0.8
234,2,4,0.8
234,3,3,0.6
234,4,3,0.6
234,5,4,0.8
234,6,4,0.8
234,7,3,0.6
234,8,4,0.8
234,9,4,0.8
234,10,2,0.4
234,11,4,0.8
234,12,5,1.0
234,13,3,0.6
234,14,4,0.8
234,15,4,0.8
234,16,2,0.4
234,17,4,0.8
449,1,3,0.6
449,2,4,0.8
449,3,3,0.6
449,4,3,0.6
449,5,3,0.6
449,6,2,0.4
449,7,4,0.8
449,8,3,0.6
449,9,4,0.8
449,10,4,0.8
449,11,1,0.2
449,12,5,1.0
449,13,2,0.4
449,14,4,0.8
449,15,4,0.8
449,16,2,0.4
449,17,3,0.6
232,1,4,0.8
232,2,5,1.0
232,3,4,0.8
232,4,4,0.8
232,5,4,0.8
232,6,5,1.0
232,7,5,1.0
232,8,5,1.0
232,9,5,1.0
232,10,4,0.8
232,11,4,0.8
232,12,4,0.8
232,13,4,0.8
232,14,4,0.8
232,15,5,1.0
232,16,2,0.4
232,17,4,0.8
270,1,3,0.6
270,2,5,1.0
270,3,3,0.6
270,4,3,0.6
270,5,3,0.6
270,6,3,0.6
270,7,4,0.8
270,8,2,0.4
270,9,3,0.6
270,10,3,0.6
270,11,3,0.6
270,12,4,0.8
270,13,4,0.8
270,14,2,0.4
270,15,3,0.6
270,16,2,0.4
270,17,4,0.8
327,1,5,1.0
327,2,5,1.0
327,3,3,0.6
327,4,3,0.6
327,5,4,0.8
327,6,4,0.8
327,7,4,0.8
327,8,5,1.0
327,9,4,0.8
327,10,3,0.6
327,11,3,0.6
327,12,4,0.8
327,13,3,0.6
327,14,3,0.6
327,15,3,0.6
327,16,2,0.4
327,17,2,0.4
96,1,5,1.0
96,2,5,1.0
96,3,3,0.6
96,4,4,0.8
96,5,4,0.8
96,6,5,1.0
96,7,5,1.0
96,8,5,1.0
96,9,5,1.0
96,10,5,1.0
96,11,4,0.8
96,12,5,1.0
96,13,3,0.6
96,14,4,0.8
96,15,4,0.8
96,16,2,0.4
96,17,3,0.6
751,1,5,1.0
751,2,5,1.0
751,3,3,0.6
751,4,4,0.8
751,5,4,0.8
751,6,5,1.0
751,7,5,1.0
751,8,4,0.8
751,9,3,0.6
751,10,4,0.8
751,11,3,0.6
751,12,5,1.0
751,13,4,0.8
751,14,4,0.8
751,15,2,0.4
751,16,4,0.8
751,17,3,0.6
468,1,5,1.0
468,2,5,1.0
468,3,3,0.6
468,4,4,0.8
468,5,4,0.8
468,6,4,0.8
468,7,5,1.0
468,8,5,1.0
468,9,4,0.8
468,10,4,0.8
468,11,5,1.0
468,12,3,0.6
468,13,4,0.8
468,14,4,0.8
468,15,3,0.6
468,16,2,0.4
468,17,4,0.8
141,1,4,0.8
141,2,5,1.0
141,3,3,0.6
141,4,3,0.6
141,5,4,0.8
141,6,4,0.8
141,7,4,0.8
141,8,3,0.6
141,9,5,1.0
141,10,4,0.8
141,11,3,0.6
141,12,5,1.0
141,13,3,0.6
141,14,2,0.4
141,15,4,0.8
141,16,4,0.8
141,17,3,0.6
281,1,5,1.0
281,2,5,1.0
281,3,4,0.8
281,4,4,0.8
281,5,4,0.8
281,6,5,1.0
281,7,5,1.0
281,8,4,0.8
281,9,4,0.8
281,10,4,0.8
281,11,2,0.4
281,12,5,1.0
281,13,4,0.8
281,14,3,0.6
281,15,3,0.6
281,16,3,0.6
281,17,3,0.6
431,1,5,1.0
431,2,5,1.0
431,3,3,0.6
431,4,4,0.8
431,5,4,0.8
431,6,5,1.0
431,7,5,1.0
431,8,3,0.6
431,9,5,1.0
431,10,5,1.0
431,11,4,0.8
431,12,3,0.6
431,13,3,0.6
431,14,4,0.8
431,15,4,0.8
431,16,4,0.8
431,17,3,0.6
476,1,4,0.8
476,2,3,0.6
476,3,3,0.6
476,4,3,0.6
476,5,3,0.6
476,6,3,0.6
476,7,4,0.8
476,8,3,0.6
476,9,4,0.8
476,10,4,0.8
476,11,3,0.6
476,12,4,0.8
476,13,4,0.8
476,14,3,0.6
476,15,2,0.4
476,16,3,0.6
476,17,4,0.8
95,1,5,1.0
95,2,5,1.0
95,3,3,0.6
95,4,4,0.8
95,5,4,0.8
95,6,5,1.0
95,7,5,1.0
95,8,5,1.0
95,9,5,1.0
95,10,4,0.8
95,11,4,0.8
95,12,5,1.0
95,13,4,0.8
95,14,3,0.6
95,15,3,0.6
95,16,3,0.6
95,17,4,0.8
331,1,4,0.8
331,2,4,0.8
331,3,3,0.6
331,4,3,0.6
331,5,3,0.6
331,6,3,0.6
331,7,3,0.6
331,8,4,0.8
331,9,4,0.8
331,10,4,0.8
331,11,4,0.8
331,12,4,0.8
331,13,3,0.6
331,14,3,0.6
331,15,3,0.6
331,16,3,0.6
331,17,4,0.8
44,1,5,1.0
44,2,5,1.0
44,3,4,0.8
44,4,4,0.8
44,5,5,1.0
44,6,4,0.8
44,7,5,1.0
44,8,5,1.0
44,9,5,1.0
44,10,5,1.0
44,11,4,0.8
44,12,5,1.0
44,13,4,0.8
44,14,4,0.8
44,15,4,0.8
44,16,4,0.8
44,17,5,1.0
428,1,5,1.0
428,2,5,1.0
428,3,3,0.6
428,4,3,0.6
428,5,4,0.8
428,6,4,0.8
428,7,4,0.8
428,8,4,0.8
428,9,5,1.0
428,10,4,0.8
428,11,4,0.8
428,12,4,0.8
428,13,3,0.6
428,14,3,0.6
428,15,3,0.6
428,16,3,0.6
428,17,3,0.6
636,1,5,1.0
636,2,5,1.0
636,3,4,0.8
636,4,3,0.6
636,5,4,0.8
636,6,4,0.8
636,7,5,1.0
636,8,4,0.8
636,9,5,1.0
636,10,4,0.8
636,11,4,0.8
636,12,4,0.8
636,13,4,0.8
636,14,3,0.6
636,15,3,0.6
636,16,3,0.6
636,17,4,0.8
749,1,5,1.0
749,2,5,1.0
749,3,3,0.6
749,4,4,0.8
749,5,4,0.8
749,6,3,0.6
749,7,5,1.0
749,8,4,0.8
749,9,4,0.8
749,10,4,0.8
749,11,3,0.6
749,12,4,0.8
749,13,4,0.8
749,14,3,0.6
749,15,5,1.0
749,16,3,0.6
749,17,3,0.6
276,1,4,0.8
276,2,4,0.8
276,3,3,0.6
276,4,3,0.6
276,5,4,0.8
276,6,4,0.8
276,7,5,1.0
276,8,4,0.8
276,9,5,1.0
276,10,5,1.0
276,11,3,0.6
276,12,4,0.8
276,13,4,0.8
276,14,3,0.6
276,15,3,0.6
276,16,4,0.8
276,17,4,0.8
641,1,4,0.8
641,2,5,1.0
641,3,3,0.6
641,4,4,0.8
641,5,4,0.8
641,6,5,1.0
641,7,5,1.0
641,8,4,0.8
641,9,5,1.0
641,10,5,1.0
641,11,3,0.6
641,12,3,0.6
641,13,4,0.8
641,14,2,0.4
641,15,3,0.6
641,16,2,0.4
641,17,3,0.6
487,1,5,1.0
487,2,5,1.0
487,3,3,0.6
487,4,3,0.6
487,5,4,0.8
487,6,3,0.6
487,7,4,0.8
487,8,5,1.0
487,9,5,1.0
487,10,3,0.6
487,11,3,0.6
487,12,4,0.8
487,13,4,0.8
487,14,4,0.8
487,15,3,0.6
487,16,3,0.6
487,17,3,0.6
4,1,5,1.0
4,2,4,0.8
4,3,4,0.8
4,4,3,0.6
4,5,4,0.8
4,6,5,1.0
4,7,5,1.0
4,8,4,0.8
4,9,5,1.0
4,10,5,1.0
4,11,4,0.8
4,12,4,0.8
4,13,5,1.0
4,14,5,1.0
4,15,5,1.0
4,16,4,0.8
4,17,5,1.0
337,1,3,0.6
337,2,4,0.8
337,3,3,0.6
337,4,3,0.6
337,5,4,0.8
337,6,4,0.8
337,7,3,0.6
337,8,4,0.8
337,9,4,0.8
337,10,3,0.6
337,11,3,0.6
337,12,4,0.8
337,13,4,0.8
337,14,3,0.6
337,15,3,0.6
337,16,1,0.2
337,17,4,0.8
175,1,5,1.0
175,2,4,0.8
175,3,3,0.6
175,4,3,0.6
175,5,4,0.8
175,6,3,0.6
175,7,4,0.8
175,8,4,0.8
175,9,4,0.8
175,10,2,0.4
175,11,3,0.6
175,12,5,1.0
175,13,3,0.6
175,14,4,0.8
175,15,3,0.6
175,16,2,0.4
175,17,3,0.6
658,1,4,0.8
658,2,5,1.0
658,3,4,0.8
658,4,3,0.6
658,5,4,0.8
658,6,5,1.0
658,7,4,0.8
658,8,4,0.8
658,9,5,1.0
658,10,5,1.0
658,11,4,0.8
658,12,5,1.0
658,13,4,0.8
658,14,3,0.6
658,15,2,0.4
658,16,3,0.6
658,17,4,0.8
208,1,5,1.0
208,2,5,1.0
208,3,4,0.8
208,4,4,0.8
208,5,4,0.8
208,6,3,0.6
208,7,5,1.0
208,8,4,0.8
208,9,5,1.0
208,10,5,1.0
208,11,4,0.8
208,12,5,1.0
208,13,4,0.8
208,14,3,0.6
208,15,5,1.0
208,16,2,0.4
208,17,5,1.0
352,1,5,1.0
352,2,4,0.8
352,3,3,0.6
352,4,3,0.6
352,5,4,0.8
352,6,3,0.6
352,7,4,0.8
352,8,3,0.6
352,9,5,1.0
352,10,3,0.6
352,11,3,0.6
352,12,4,0.8
352,13,4,0.8
352,14,4,0.8
352,15,3,0.6
352,16,4,0.8
352,17,3,0.6
693,1,5,1.0
693,2,5,1.0
693,3,3,0.6
693,4,4,0.8
693,5,4,0.8
693,6,4,0.8
693,7,5,1.0
693,8,4,0.8
693,9,5,1.0
693,10,5,1.0
693,11,4,0.8
693,12,4,0.8
693,13,3,0.6
693,14,5,1.0
693,15,4,0.8
693,16,2,0.4
693,17,4,0.8
690,1,4,0.8
690,2,4,0.8
690,3,3,0.6
690,4,3,0.6
690,5,4,0.8
690,6,4,0.8
690,7,3,0.6
690,8,4,0.8
690,9,4,0.8
690,10,4,0.8
690,11,3,0.6
690,12,5,1.0
690,13,2,0.4
690,14,3,0.6
690,15,3,0.6
690,16,4,0.8
690,17,3,0.6
724,1,4,0.8
724,2,5,1.0
724,3,3,0.6
724,4,3,0.6
724,5,4,0.8
724,6,3,0.6
724,7,3,0.6
724,8,4,0.8
724,9,4,0.8
724,10,2,0.4
724,11,3,0.6
724,12,4,0.8
724,13,3,0.6
724,14,3,0.6
724,15,3,0.6
724,16,4,0.8
724,17,4,0.8
266,1,4,0.8
266,2,4,0.8
266,3,3,0.6
266,4,3,0.6
266,5,3,0.6
266,6,4,0.8
266,7,4,0.8
266,8,3,0.6
266,9,4,0.8
266,10,3,0.6
266,11,4,0.8
266,12,4,0.8
266,13,3,0.6
266,14,4,0.8
266,15,3,0.6
266,16,3,0.6
266,17,4,0.8
631,1,5,1.0
631,2,5,1.0
631,3,3,0.6
631,4,3,0.6
631,5,4,0.8
631,6,4,0.8
631,7,4,0.8
631,8,5,1.0
631,9,5,1.0
631,10,4,0.8
631,11,4,0.8
631,12,4,0.8
631,13,4,0.8
631,14,3,0.6
631,15,2,0.4
631,16,3,0.6
631,17,2,0.4
165,1,5,1.0
165,2,5,1.0
165,3,3,0.6
165,4,3,0.6
165,5,4,0.8
165,6,4,0.8
165,7,4,0.8
165,8,3,0.6
165,9,5,1.0
165,10,5,1.0
165,11,3,0.6
165,12,4,0.8
165,13,4,0.8
165,14,3,0.6
165,15,3,0.6
165,16,3,0.6
165,17,4,0.8
436,1,5,1.0
436,2,5,1.0
436,3,3,0.6
436,4,4,0.8
436,5,4,0.8
436,6,4,0.8
436,7,4,0.8
436,8,5,1.0
436,9,5,1.0
436,10,4,0.8
436,11,4,0.8
436,12,4,0.8
436,13,3,0.6
436,14,3,0.6
436,15,2,0.4
436,16,2,0.4
436,17,3,0.6
442,1,5,1.0
442,2,5,1.0
442,3,3,0.6
442,4,4,0.8
442,5,4,0.8
442,6,3,0.6
442,7,5,1.0
442,8,5,1.0
442,9,5,1.0
442,10,3,0.6
442,11,4,0.8
442,12,4,0.8
442,13,3,0.6
442,14,2,0.4
442,15,4,0.8
442,16,3,0.6
442,17,3,0.6
568,1,4,0.8
568,2,3,0.6
568,3,3,0.6
568,4,3,0.6
568,5,3,0.6
568,6,3,0.6
568,7,3,0.6
568,8,4,0.8
568,9,4,0.8
568,10,3,0.6
568,11,2,0.4
568,12,5,1.0
568,13,3,0.6
568,14,3,0.6
568,15,3,0.6
568,16,3,0.6
568,17,4,0.8
289,1,5,1.0
289,2,3,0.6
289,3,2,0.4
289,4,3,0.6
289,5,3,0.6
289,6,4,0.8
289,7,4,0.8
289,8,4,0.8
289,9,4,0.8
289,10,4,0.8
289,11,3,0.6
289,12,5,1.0
289,13,4,0.8
289,14,3,0.6
289,15,2,0.4
289,16,4,0.8
289,17,3,0.6
757,1,5,1.0
757,2,5,1.0
757,3,4,0.8
757,4,4,0.8
757,5,4,0.8
757,6,5,1.0
757,7,4,0.8
757,8,4,0.8
757,9,4,0.8
757,10,5,1.0
757,11,4,0.8
757,12,5,1.0
757,13,3,0.6
757,14,3,0.6
757,15,2,0.4
757,16,3,0.6
757,17,4,0.8
162,1,5,1.0
162,2,5,1.0
162,3,3,0.6
162,4,4,0.8
162,5,4,0.8
162,6,5,1.0
162,7,5,1.0
162,8,4,0.8
162,9,5,1.0
162,10,5,1.0
162,11,5,1.0
162,12,4,0.8
162,13,4,0.8
162,14,4,0.8
162,15,3,0.6
162,16,2,0.4
162,17,3,0.6
89,1,5,1.0
89,2,5,1.0
89,3,4,0.8
89,4,4,0.8
89,5,5,1.0
89,6,5,1.0
89,7,5,1.0
89,8,5,1.0
89,9,5,1.0
89,10,4,0.8
89,11,4,0.8
89,12,5,1.0
89,13,4,0.8
89,14,5,1.0
89,15,3,0.6
89,16,4,0.8
89,17,5,1.0
715,1,5,1.0
715,2,5,1.0
715,3,3,0.6
715,4,4,0.8
715,5,4,0.8
715,6,5,1.0
715,7,5,1.0
715,8,5,1.0
715,9,5,1.0
715,10,4,0.8
715,11,4,0.8
715,12,4,0.8
715,13,4,0.8
715,14,3,0.6
715,15,3,0.6
715,16,3,0.6
715,17,3,0.6
627,1,5,1.0
627,2,5,1.0
627,3,3,0.6
627,4,3,0.6
627,5,4,0.8
627,6,4,0.8
627,7,5,1.0
627,8,5,1.0
627,9,4,0.8
627,10,4,0.8
627,11,3,0.6
627,12,3,0.6
627,13,4,0.8
627,14,4,0.8
627,15,3,0.6
627,16,3,0.6
627,17,4,0.8
603,1,5,1.0
603,2,5,1.0
603,3,4,0.8
603,4,4,0.8
603,5,4,0.8
603,6,4,0.8
603,7,5,1.0
603,8,4,0.8
603,9,4,0.8
603,10,4,0.8
603,11,2,0.4
603,12,4,0.8
603,13,3,0.6
603,14,4,0.8
603,15,3,0.6
603,16,1,0.2
603,17,3,0.6
132,1,5,1.0
132,2,5,1.0
132,3,4,0.8
132,4,4,0.8
132,5,4,0.8
132,6,5,1.0
132,7,3,0.6
132,8,5,1.0
132,9,5,1.0
132,10,5,1.0
132,11,5,1.0
132,12,5,1.0
132,13,4,0.8
132,14,3,0.6
132,15,4,0.8
132,16,4,0.8
132,17,5,1.0
498,1,5,1.0
498,2,5,1.0
498,3,4,0.8
498,4,4,0.8
498,5,4,0.8
498,6,5,1.0
498,7,5,1.0
498,8,4,0.8
498,9,4,0.8
498,10,4,0.8
498,11,3,0.6
498,12,4,0.8
498,13,2,0.4
498,14,4,0.8
498,15,3,0.6
498,16,3,0.6
498,17,4,0.8
573,1,4,0.8
573,2,5,1.0
573,3,3,0.6
573,4,4,0.8
573,5,4,0.8
573,6,3,0.6
573,7,4,0.8
573,8,4,0.8
573,9,3,0.6
573,10,3,0.6
573,11,3,0.6
573,12,4,0.8
573,13,4,0.8
573,14,3,0.6
573,15,3,0.6
573,16,3,0.6
573,17,2,0.4
218,1,4,0.8
218,2,5,1.0
218,3,3,0.6
218,4,3,0.6
218,5,4,0.8
218,6,5,1.0
218,7,5,1.0
218,8,4,0.8
218,9,5,1.0
218,10,4,0.8
218,11,3,0.6
218,12,5,1.0
218,13,3,0.6
218,14,3,0.6
218,15,3,0.6
218,16,4,0.8
218,17,4,0.8
624,1,5,1.0
624,2,5,1.0
624,3,3,0.6
624,4,3,0.6
624,5,4,0.8
624,6,4,0.8
624,7,3,0.6
624,8,4,0.8
624,9,5,1.0
624,10,2,0.4
624,11,3,0.6
624,12,4,0.8
624,13,4,0.8
624,14,3,0.6
624,15,3,0.6
624,16,3,0.6
624,17,4,0.8
545,1,4,0.8
545,2,3,0.6
545,3,2,0.4
545,4,3,0.6
545,5,4,0.8
545,6,4,0.8
545,7,3,0.6
545,8,2,0.4
545,9,5,1.0
545,10,4,0.8
545,11,4,0.8
545,12,3,0.6
545,13,3,0.6
545,14,3,0.6
545,15,3,0.6
545,16,3,0.6
545,17,3,0.6
188,1,4,0.8
188,2,5,1.0
188,3,3,0.6
188,4,3,0.6
188,5,4,0.8
188,6,3,0.6
188,7,3,0.6
188,8,5,1.0
188,9,4,0.8
188,10,3,0.6
188,11,2,0.4
188,12,5,1.0
188,13,3,0.6
188,14,3,0.6
188,15,3,0.6
188,16,3,0.6
188,17,3,0.6
720,1,5,1.0
720,2,5,1.0
720,3,3,0.6
720,4,4,0.8
720,5,4,0.8
720,6,3,0.6
720,7,5,1.0
720,8,5,1.0
720,9,4,0.8
720,10,4,0.8
720,11,4,0.8
720,12,4,0.8
720,13,4,0.8
720,14,4,0.8
720,15,3,0.6
720,16,4,0.8
720,17,4,0.8
313,1,3,0.6
313,2,4,0.8
313,3,3,0.6
313,4,3,0.6
313,5,3,0.6
313,6,1,0.2
313,7,2,0.4
313,8,2,0.4
313,9,4,0.8
313,10,4,0.8
313,11,1,0.2
313,12,4,0.8
313,13,4,0.8
313,14,3,0.6
313,15,3,0.6
313,16,2,0.4
313,17,5,1.0
726,1,5,1.0
726,2,5,1.0
726,3,4,0.8
726,4,4,0.8
726,5,5,1.0
726,6,5,1.0
726,7,5,1.0
726,8,3,0.6
726,9,4,0.8
726,10,4,0.8
726,11,4,0.8
726,12,4,0.8
726,13,4,0.8
726,14,4,0.8
726,15,3,0.6
726,16,3,0.6
726,17,4,0.8
107,1,5,1.0
107,2,4,0.8
107,3,3,0.6
107,4,4,0.8
107,5,4,0.8
107,6,4,0.8
107,7,4,0.8
107,8,4,0.8
107,9,5,1.0
107,10,3,0.6
107,11,4,0.8
107,12,5,1.0
107,13,5,1.0
107,14,3,0.6
107,15,4,0.8
107,16,4,0.8
107,17,3,0.6
66,1,5,1.0
66,2,5,1.0
66,3,3,0.6
66,4,4,0.8
66,5,4,0.8
66,6,4,0.8
66,7,5,1.0
66,8,4,0.8
66,9,5,1.0
66,10,5,1.0
66,11,3,0.6
66,12,5,1.0
66,13,4,0.8
66,14,4,0.8
66,15,4,0.8
66,16,3,0.6
66,17,4,0.8
495,1,4,0.8
495,2,3,0.6
495,3,2,0.4
495,4,3,0.6
495,5,3,0.6
495,6,4,0.8
495,7,3,0.6
495,8,2,0.4
495,9,5,1.0
495,10,3,0.6
495,11,3,0.6
495,12,5,1.0
495,13,3,0.6
495,14,4,0.8
495,15,2,0.4
495,16,3,0.6
495,17,3,0.6
169,1,5,1.0
169,2,5,1.0
169,3,3,0.6
169,4,3,0.6
169,5,4,0.8
169,6,4,0.8
169,7,5,1.0
169,8,4,0.8
169,9,5,1.0
169,10,4,0.8
169,11,4,0.8
169,12,4,0.8
169,13,3,0.6
169,14,4,0.8
169,15,4,0.8
169,16,2,0.4
169,17,5,1.0
135,1,4,0.8
135,2,4,0.8
135,3,3,0.6
135,4,3,0.6
135,5,3,0.6
135,6,3,0.6
135,7,3,0.6
135,8,4,0.8
135,9,3,0.6
135,10,4,0.8
135,11,3,0.6
135,12,4,0.8
135,13,5,1.0
135,14,4,0.8
135,15,4,0.8
135,16,3,0.6
135,17,3,0.6
108,1,5,1.0
108,2,5,1.0
108,3,3,0.6
108,4,4,0.8
108,5,4,0.8
108,6,4,0.8
108,7,5,1.0
108,8,4,0.8
108,9,4,0.8
108,10,3,0.6
108,11,4,0.8
108,12,5,1.0
108,13,5,1.0
108,14,4,0.8
108,15,4,0.8
108,16,4,0.8
108,17,4,0.8
713,1,4,0.8
713,2,4,0.8
713,3,3,0.6
713,4,3,0.6
713,5,4,0.8
713,6,3,0.6
713,7,5,1.0
713,8,2,0.4
713,9,4,0.8
713,10,3,0.6
713,11,2,0.4
713,12,4,0.8
713,13,3,0.6
713,14,3,0.6
713,15,4,0.8
713,16,3,0.6
713,17,4,0.8
27,1,4,0.8
27,2,5,1.0
27,3,4,0.8
27,4,4,0.8
27,5,4,0.8
27,6,4,0.8
27,7,5,1.0
27,8,5,1.0
27,9,5,1.0
27,10,3,0.6
27,11,4,0.8
27,12,5,1.0
27,13,4,0.8
27,14,4,0.8
27,15,5,1.0
27,16,4,0.8
27,17,5,1.0
194,1,4,0.8
194,2,5,1.0
194,3,4,0.8
194,4,4,0.8
194,5,4,0.8
194,6,4,0.8
194,7,5,1.0
194,8,4,0.8
194,9,5,1.0
194,10,4,0.8
194,11,3,0.6
194,12,5,1.0
194,13,4,0.8
194,14,3,0.6
194,15,3,0.6
194,16,3,0.6
194,17,4,0.8
741,1,5,1.0
741,2,5,1.0
741,3,3,0.6
741,4,3,0.6
741,5,4,0.8
741,6,4,0.8
741,7,4,0.8
741,8,4,0.8
741,9,4,0.8
741,10,4,0.8
741,11,4,0.8
741,12,4,0.8
741,13,5,1.0
741,14,4,0.8
741,15,2,0.4
741,16,3,0.6
741,17,3,0.6
369,1,5,1.0
369,2,4,0.8
369,3,3,0.6
369,4,3,0.6
369,5,4,0.8
369,6,4,0.8
369,7,4,0.8
369,8,5,1.0
369,9,4,0.8
369,10,3,0.6
369,11,4,0.8
369,12,4,0.8
369,13,5,1.0
369,14,3,0.6
369,15,3,0.6
369,16,4,0.8
369,17,3,0.6
57,1,5,1.0
57,2,5,1.0
57,3,4,0.8
57,4,3,0.6
57,5,4,0.8
57,6,4,0.8
57,7,5,1.0
57,8,4,0.8
57,9,5,1.0
57,10,4,0.8
57,11,4,0.8
57,12,5,1.0
57,13,5,1.0
57,14,5,1.0
57,15,5,1.0
57,16,4,0.8
57,17,5,1.0
473,1,4,0.8
473,2,4,0.8
473,3,3,0.6
473,4,3,0.6
473,5,4,0.8
473,6,4,0.8
473,7,3,0.6
473,8,3,0.6
473,9,4,0.8
473,10,4,0.8
473,11,3,0.6
473,12,5,1.0
473,13,3,0.6
473,14,2,0.4
473,15,3,0.6
473,16,2,0.4
473,17,4,0.8
483,1,4,0.8
483,2,5,1.0
483,3,2,0.4
483,4,3,0.6
483,5,3,0.6
483,6,2,0.4
483,7,3,0.6
483,8,4,0.8
483,9,4,0.8
483,10,3,0.6
483,11,2,0.4
483,12,5,1.0
483,13,3,0.6
483,14,3,0.6
483,15,4,0.8
483,16,3,0.6
483,17,3,0.6
123,1,5,1.0
123,2,5,1.0
123,3,4,0.8
123,4,4,0.8
123,5,5,1.0
123,6,5,1.0
123,7,5,1.0
123,8,4,0.8
123,9,5,1.0
123,10,5,1.0
123,11,5,1.0
123,12,5,1.0
123,13,4,0.8
123,14,4,0.8
123,15,4,0.8
123,16,3,0.6
123,17,3,0.6
760,1,5,1.0
760,2,4,0.8
760,3,3,0.6
760,4,3,0.6
760,5,4,0.8
760,6,3,0.6
760,7,4,0.8
760,8,4,0.8
760,9,3,0.6
760,10,3,0.6
760,11,3,0.6
760,12,4,0.8
760,13,5,1.0
760,14,3,0.6
760,15,3,0.6
760,16,4,0.8
760,17,2,0.4
41,1,5,1.0
41,2,5,1.0
41,3,4,0.8
41,4,4,0.8
41,5,5,1.0
41,6,5,1.0
41,7,5,1.0
41,8,5,1.0
41,9,5,1.0
41,10,5,1.0
41,11,5,1.0
41,12,5,1.0
41,13,5,1.0
41,14,4,0.8
41,15,4,0.8
41,16,4,0.8
41,17,3,0.6
513,1,4,0.8
513,2,3,0.6
513,3,3,0.6
513,4,4,0.8
513,5,4,0.8
513,6,4,0.8
513,7,4,0.8
513,8,4,0.8
513,9,5,1.0
513,10,3,0.6
513,11,3,0.6
513,12,5,1.0
513,13,3,0.6
513,14,3,0.6
513,15,3,0.6
513,16,3,0.6
513,17,3,0.6
115,1,5,1.0
115,2,5,1.0
115,3,3,0.6
115,4,4,0.8
115,5,5,1.0
115,6,5,1.0
115,7,5,1.0
115,8,5,1.0
115,9,5,1.0
115,10,5,1.0
115,11,4,0.8
115,12,5,1.0
115,13,5,1.0
115,14,4,0.8
115,15,4,0.8
115,16,4,0.8
115,17,4,0.8
604,1,4,0.8
604,2,5,1.0
604,3,3,0.6
604,4,4,0.8
604,5,4,0.8
604,6,5,1.0
604,7,4,0.8
604,8,5,1.0
604,9,5,1.0
604,10,4,0.8
604,11,3,0.6
604,12,5,1.0
604,13,5,1.0
604,14,3,0.6
604,15,5,1.0
604,16,3,0.6
604,17,3,0.6
